MANDT,MSEHI,KZEX3,KZEX6,ANDEC,KZKEH,KZWOB,KZ1EH,KZ2EH,DIMID,ZAEHL,NENNR,EXP10,ADDKO,EXPON,DECAN,ISOCODE,PRIMARY,TEMP_VALUE,TEMP_UNIT,FAMUNIT,PRESS_VAL,PRESS_UNIT
100,BCF,X,X,0,X,,,,VOLUME,28316736,1,-3,0,0,0,,,0.0,,,0.0,
100,BUI,X,X,0,X,,,,VOLUME,363687222,1,-11,0,0,0,,,0.0,,,0.0,
100,BUU,X,X,0,X,,,,VOLUME,352390701,1,-11,0,0,0,,,0.0,,,0.0,
100,MBT,X,X,0,X,,,,ENERGY,105505585,1,1,0,0,3,,,0.0,,,0.0,
100,TST,X,X,0,X,,,,TIME,12,17,0,9,0,0,,,0.0,,,0.0,
100,YPD,X,X,0,X,,,,TIME,28800,1,0,0,0,0,,,0.0,,,0.0,
000,%,X,X,3,X,,,,PROPOR,1,100,0,0,0,0,P1,,0.0,,,0.0,
000,%O,X,X,0,X,,,,PROPOR,1,1000,0,0,0,0,,,0.0,,,0.0,
000,1,X,X,0,,,,,PROPOR,1,1,0,0,0,0,,,0.0,,,0.0,
000,22S,X,X,0,,,,,VISKIN,1,1000000,0,0,0,0,,,0.0,,,0.0,
000,2M,X,X,0,X,,,,SPEED,1,1,-2,0,0,0,2M,,0.0,,,0.0,
000,2X,X,X,0,X,,,,SPEED,1,60,0,0,0,0,2X,,0.0,,,0.0,
000,4G,X,X,0,X,,,,VOLUME,1,1,-9,0,0,0,4G,,0.0,,,0.0,
000,4O,X,X,0,X,,,,CAPACI,1,1,-6,0,0,0,4O,,0.0,,,0.0,
000,4T,X,X,0,X,,,,CAPACI,1,1,-12,0,0,0,4T,,0.0,,,0.0,
000,A,X,X,0,,,,,ECURR,1,1,0,0,0,0,AMP,X,0.0,,,0.0,
000,A87,X,X,0,X,,,,RESIST,1,1,9,0,0,0,A87,,0.0,,,0.0,
000,A93,X,X,0,X,,,,DENSI,1,1,-3,0,0,0,A93,,0.0,,,0.0,
000,ACR,X,X,0,X,,,,SURFAC,1210000,299,0,0,0,0,ACR,,0.0,,,0.0,
000,B34,X,X,0,X,,,,DENSI,1,1,3,0,0,0,B34,,0.0,,,0.0,
000,B45,X,X,0,X,,,,MOLQU,1,1,3,0,0,0,B45,,0.0,,,0.0,
000,B47,X,X,0,X,,,,FORCE,1,1,3,0,0,0,B47,,0.0,,,0.0,
000,B73,X,X,0,X,,,,FORCE,1,1,6,0,0,0,B73,,0.0,,,0.0,
000,B75,X,X,0,X,,,,RESIST,1,1,6,0,0,0,B75,,0.0,,,0.0,
000,B78,X,X,0,X,,,,VOLTAG,1,1,6,0,0,0,B78,,0.0,,,0.0,
000,B84,X,X,0,X,,,,ECURR,1,1,-6,0,0,0,B84,,0.0,,,0.0,
000,BAG,X,X,0,X,,,,AAAADL,1,1,0,0,0,0,BG,X,0.0,,,0.0,
000,BAR,X,X,0,,,,,PRESS,100000,1,0,0,0,0,BAR,,0.0,,,0.0,
000,BBL,X,X,3,X,,,,VOLUME,41225904,259303135,0,0,0,3,5A,,0.0,,,0.0,
000,BC1,X,X,0,X,,,,HVALUE,372589413,10000,0,0,0,3,,,60.0,FAH,,15.025,PSI
000,BC2,X,X,0,X,,,,HVALUE,372589413,10000,0,0,0,3,,,60.0,FAH,,14.73,PSI
000,BC3,X,X,0,X,,,,HVALUE,372589413,10000,0,0,0,3,,,60.0,FAH,,14.65,PSI
000,BM2,X,X,0,X,,,,SURCNT,1,1,0,0,0,0,,,0.0,,,0.0,
000,BOE,X,X,0,X,,,,VOLUME,41225904,259303135,0,0,0,3,,,0.0,,,0.0,
000,BOT,X,X,0,X,,,,AAAADL,1,1,0,0,0,0,BO,X,0.0,,,0.0,
000,BQ,X,X,0,,,,,ACTVTY,1,1,0,0,0,0,BQL,,0.0,,,0.0,
000,BQ2,X,X,0,X,,,,SURCNT,10000,1,0,0,0,0,,,0.0,,,0.0,
000,BQG,X,X,0,X,,,,SPARAD,1000,1,0,0,0,0,,,0.0,,,0.0,
000,BQK,X,X,0,,,,,SPARAD,1,1,0,0,0,0,A18,,0.0,,,0.0,
000,BTU,X,X,0,,,,,ENERGY,1055056,1000,0,0,0,0,,,0.0,,,0.0,
000,C10,X,X,0,X,,,,CAPACI,1,1,-3,0,0,0,C10,,0.0,,,0.0,
000,C36,X,X,0,X,,,,ACBAC,1,1,0,0,0,3,C36,,0.0,,,0.0,
000,C38,X,X,0,X,,,,ACBAC,1000,1,0,0,0,3,C38,,0.0,,,0.0,
000,C39,X,X,0,X,,,,ECURR,1,1,-9,0,0,0,C39,,0.0,,,0.0,
000,C3S,X,X,0,X,,,,VOLFLO,1,1000000,0,0,0,0,2J,,0.0,,,0.0,
000,C41,X,X,0,X,,,,CAPACI,1,1,-9,0,0,0,C41,,0.0,,,0.0,
000,C56,X,X,0,X,,,,PRESS,1,1,6,0,0,0,C56,,0.0,,,0.0,
000,CCK,X,X,0,X,,,,VOLWTF,1,1,0,0,0,0,CCK,,0.0,,,0.0,
000,CCM,X,X,3,X,,,,VOLUME,1,1000000,0,0,0,0,CMQ,X,0.0,,,0.0,
000,CD,X,X,0,,,,,LIGHT,1,1,0,0,0,0,CDL,X,0.0,,,0.0,
000,CDM,X,X,3,X,,,,VOLUME,1,1000,0,0,0,0,DMQ,X,0.0,,,0.0,
000,CM,X,X,3,X,,,,LENGTH,1,100,0,0,0,0,CMT,X,0.0,,,0.0,
000,CM2,X,X,3,X,,,,SURFAC,1,10000,0,0,0,0,CMK,,0.0,,,0.0,
000,CMH,X,X,0,,,,,SPEED,1,360000,0,0,0,0,,,0.0,,,0.0,
000,COP,X,X,0,X,,,,AAAADL,1,1,0,0,0,0,,,0.0,,,0.0,
000,CS,X,X,0,X,,,,AAAADL,1,1,0,0,0,0,CS,X,0.0,,,0.0,
000,CTL,X,X,0,X,,,,VOLUME,1,100000,0,0,0,0,CLT,,0.0,,,0.0,
000,D10,X,X,0,X,,,,CONDUC,1,1,0,0,0,3,D10,,0.0,,,0.0,
000,D41,X,X,0,X,,,,DENSI,1,1,3,0,0,0,D41,,0.0,,,0.0,
000,D46,X,X,0,X,,,,POWER,1,1,0,0,0,0,D46,,0.0,,,0.0,
000,D95,X,X,0,X,,,,SPENER,1,1,3,0,0,0,D95,,0.0,,,0.0,
000,DBA,X,X,0,X,,,,SNDPLV,1,1,0,0,0,1,,,0.0,,,0.0,
000,DBC,X,X,0,X,,,,SNDPLV,1,1,0,0,0,1,,,0.0,,,0.0,
000,DEG,X,X,99,X,,,,AAAADL,1,1,0,0,0,1,DD,,0.0,,,0.0,
000,DGP,X,X,2,X,,,,AAAADL,1,1,0,0,0,2,,,0.0,,,0.0,
000,DM,X,X,3,X,,X,,LENGTH,1,10,0,0,0,0,DMT,X,0.0,,,0.0,
000,DR,X,X,0,X,,,,AAAADL,1,1,0,0,0,0,DR,X,0.0,,,0.0,
000,DZ,X,X,0,X,,,,AAAADL,1,1,0,0,0,0,DZN,X,0.0,,,0.0,
000,EA,X,X,0,X,,,,AAAADL,1,1,0,0,0,0,EA,,0.0,,,0.0,
000,EE,X,X,0,X,,,,AAAADL,1,1,0,0,0,0,,,0.0,,,0.0,
000,EML,X,X,0,X,,,,AAAADL,1,1,0,0,0,0,,,0.0,,,0.0,
000,EXR,X,X,8,,,,,AAAADL,1,1,0,0,0,8,,,0.0,,,0.0,
000,F,X,X,0,,,,,CAPACI,1,1,0,0,0,0,FAR,,0.0,,,0.0,
000,FA,X,X,0,,,,,TEMP,5,9,0,255.372222,0,0,FAH,X,0.0,,,0.0,
000,FAH,X,X,2,X,,,,TEMP,5,9,0,255.372222,0,2,,,0.0,,,0.0,
000,FT,X,X,0,X,,,,LENGTH,381,1250,0,0,0,0,FOT,,0.0,,,0.0,
000,FT2,X,X,0,X,,,,SURFAC,250,2691,0,0,0,0,FTK,,0.0,,,0.0,
000,G,X,X,3,X,,,,MASS,1,1000,0,0,0,0,GRM,X,0.0,,,0.0,
000,G/L,X,X,0,X,,,,AAAADL,1,1,0,0,0,0,,,0.0,,,0.0,
000,GAU,X,X,99,X,,,,AAAADL,1,1,0,0,0,0,,,0.0,,,0.0,
000,GBQ,X,X,0,X,,,,ACTVTY,1,1,9,0,0,0,GBQ,,0.0,,,0.0,
000,GC,X,X,0,,,,,TEMP,1,1,0,273.15,0,0,CEL,X,0.0,,,0.0,
000,GGL,X,X,0,X,,,,DENSI,264172,1,-6,0,0,0,,,0.0,,,0.0,
000,GHG,X,X,0,,,,,MPROPO,1,100,0,0,0,0,,,0.0,,,0.0,
000,GJ,X,X,0,X,,,,ENERGY,1,1,9,0,0,0,GV,,0.0,,,0.0,
000,GJK,X,X,0,X,,,,PRESS,1,1,9,0,0,0,,,0.0,,,0.0,
000,GJT,X,X,0,,,,,SPENER,1000000,1,0,0,0,0,,,0.0,,,0.0,
000,GKG,X,X,0,,,,,MPROPO,1,1000,0,0,0,0,GK,,0.0,,,0.0,
000,GKH,X,X,0,X,,,,MAPER,277778,1,-16,0,0,0,,,0.0,,,0.0,
000,GLI,X,X,0,X,,,,DENSI,1,1,0,0,0,0,GL,,0.0,,,0.0,
000,GLM,X,X,3,X,,,,SURFAC,473168,201168,-6,0,0,0,,,0.0,,,0.0,
000,GM2,X,X,0,X,,,,MASSBD,1,1000,0,0,0,0,GM,,0.0,,,0.0,
000,GMB,X,X,0,X,,,,MAPER,947817,1,-12,0,0,0,,,0.0,,,0.0,
000,GPH,X,X,3,X,,,,VOLFLO,3785344,3600,-9,0,0,0,,,0.0,,,0.0,
000,GQ,X,X,0,X,,,,DENSI,1,1,-9,0,0,0,GQ,,0.0,,,0.0,
000,GRO,X,X,0,X,,,,AAAADL,1,1,0,0,0,0,GRO,X,0.0,,,0.0,
000,GT,X,X,0,,,,,MPROPO,1,1000,-3,0,0,0,,,0.0,,,0.0,
000,GUT,X,X,0,X,,,,MPROPO,110231,1,-11,0,0,0,,,0.0,,,0.0,
000,GW,X,X,0,X,,,,AAAADL,1,1,0,0,0,0,,,0.0,,,0.0,
000,HAR,X,X,0,X,,,,SURFAC,10000,1,0,0,0,0,HAR,,0.0,,,0.0,
000,HL,X,X,3,X,,,,VOLUME,1,10,0,0,0,0,HLT,X,0.0,,,0.0,
000,HPA,X,X,0,,,,,PRESS,100,1,0,0,0,0,A97,,0.0,,,0.0,
000,HZ,X,X,0,,,,,FREQU,1,1,0,0,0,0,HTZ,X,0.0,,,0.0,
000,IN,X,X,3,X,,,,LENGTH,127,5000,0,0,0,0,INH,X,0.0,,,0.0,
000,IN2,X,X,0,X,,,,SURFAC,125,193752,0,0,0,0,INK,,0.0,,,0.0,
000,J,X,X,0,,,,,ENERGY,1,1,0,0,0,0,JOU,X,0.0,,,0.0,
000,JHR,X,X,0,X,,,,TIME,31536000,1,0,0,0,0,ANN,X,0.0,,,0.0,
000,JKG,X,X,0,X,,,,SPENER,1,1,0,0,0,0,J2,,0.0,,,0.0,
000,JKK,X,X,0,X,,,,SPHCAP,1,1,0,0,0,0,B11,,0.0,,,0.0,
000,JM3,X,X,0,X,,,,HVALUE,1,1,0,0,0,0,,,0.0,,,0.0,
000,JMO,X,X,0,X,,,,MOENER,1,1,0,0,0,0,B15,,0.0,,,0.0,
000,K,X,X,0,,,,,TEMP,1,1,0,0,0,0,KEL,X,0.0,,,0.0,
000,KA,X,X,0,,,,,ECURR,1000,1,0,0,0,0,B22,,0.0,,,0.0,
000,KAN,X,X,0,X,,,,AAAADL,1,1,0,0,0,0,CA,X,0.0,,,0.0,
000,KAR,X,X,0,X,,,,AAAADL,1,1,0,0,0,0,CT,X,0.0,,,0.0,
000,KB2,X,X,0,X,,,,SURCNT,10000,1,3,0,0,0,,,0.0,,,0.0,
000,KBG,X,X,0,X,,,,SPARAD,1000000,1,3,0,0,0,,,0.0,,,0.0,
000,KBK,X,X,0,,,,,SPARAD,1000,1,0,0,0,0,B25,,0.0,,,0.0,
000,KBQ,X,X,0,X,,,,ACTVTY,1,1,3,0,0,0,2Q,,0.0,,,0.0,
000,KEL,X,X,0,X,,,,MAPER,277778,1,-12,0,0,0,,,0.0,,,0.0,
000,KG,X,X,3,X,,,,MASS,1,1,0,0,0,0,KGM,X,0.0,,,0.0,
000,KGF,X,X,0,,,,,MASSBD,1,1,0,0,0,0,28,,0.0,,,0.0,
000,KGH,X,X,0,,,,,MASFLO,1,3600,0,0,0,0,,,0.0,,,0.0,
000,KGJ,X,X,0,X,,,,MAPER,1,1,-9,0,0,0,,,0.0,,,0.0,
000,KGK,X,X,0,,,,,MPROPO,1,1,0,0,0,0,,,0.0,,,0.0,
000,KGS,X,X,0,X,,,,MASFLO,1,1,0,0,0,0,KGS,X,0.0,,,0.0,
000,KGT,X,X,0,,,,,MPROPO,1,1000,0,0,0,0,,,0.0,,,0.0,
000,KGV,X,X,0,X,,,,DENSI,1,1,0,0,0,0,KMQ,X,0.0,,,0.0,
000,KGW,X,X,0,X,,,,AAAADL,1,1,0,0,0,0,,,0.0,,,0.0,
000,KHZ,X,X,0,,,,,FREQU,1000,1,0,0,0,0,KHZ,,0.0,,,0.0,
000,KI,X,X,0,X,,,,AAAADL,1,1,0,0,0,0,CR,X,0.0,,,0.0,
000,KJ,X,X,0,,,,,ENERGY,1000,1,0,0,0,0,KJO,,0.0,,,0.0,
000,KJG,X,X,0,X,,,,SPENER,1000000,1,0,0,0,0,,,0.0,,,0.0,
000,KJK,X,X,0,X,,,,SPENER,1000,1,0,0,0,0,B42,,0.0,,,0.0,
000,KJM,X,X,0,X,,,,MOENER,1000,1,0,0,0,0,B44,,0.0,,,0.0,
000,KKW,X,X,0,X,,,,MAPER,277778,1,-15,0,0,0,,,0.0,,,0.0,
000,KM,X,X,0,X,,,,LENGTH,1000,1,0,0,0,0,KMT,X,0.0,,,0.0,
000,KM2,X,X,0,X,,,,SURFAC,1000000,1,0,0,0,0,KMK,,0.0,,,0.0,
000,KMH,X,X,0,X,,,,SPEED,10,36,0,0,0,0,KMH,,0.0,,,0.0,
000,KMI,X,X,0,X,,,,MASFLO,1,60,0,0,0,0,,,0.0,,,0.0,
000,KMK,X,X,0,,,,,VPROPO,1,1,0,0,0,0,,,0.0,,,0.0,
000,KOH,X,X,0,,,,,RESIST,1000,1,0,0,0,0,B49,,0.0,,,0.0,
000,KPA,X,X,0,X,,,,PRESS,1,1,3,0,0,0,KPA,,0.0,,,0.0,
000,KT,X,X,0,X,,,,MASS,1000000,1,0,0,0,0,,,0.0,,,0.0,
000,KV,X,X,0,,,,,VOLTAG,1000,1,0,0,0,0,KVT,,0.0,,,0.0,
000,KVA,X,X,0,X,,,,POWER,1,1,3,0,0,0,KVA,,0.0,,,0.0,
000,KW,X,X,3,,,,,POWER,1000,1,0,0,0,0,KWT,X,0.0,,,0.0,
000,KWK,X,X,0,X,,,,AAAADL,1,1,0,0,0,0,,,0.0,,,0.0,
000,KWM,X,X,0,,,,,PRESS,3600,1,3,0,0,0,,,0.0,,,0.0,
000,Kcl,X,X,0,,,,,ENERGY,41868,10,0,0,0,0,E14,,0.0,,,0.0,
000,L,X,X,3,X,,,,VOLUME,1,1000,0,0,0,0,LTR,X,0.0,,,0.0,
000,L2,X,X,0,X,,,,VOLFLO,1,60000,0,0,0,0,L2,,0.0,,,0.0,
000,LA,X,X,0,X,,,,AAAADL,1,1,0,0,0,0,,,0.0,,,0.0,
000,LB,X,X,0,X,,,,MASS,453592,1000000,0,0,0,0,LBR,,0.0,,,0.0,
000,LBJ,X,X,0,,,,,MASFLO,453592,31536000,6,0,0,0,,,0.0,,,0.0,
000,LBm,X,X,0,,,,,MASFLO,453592,2592000,6,0,0,0,,,0.0,,,0.0,
000,LE,X,X,3,X,X,,,AAAADL,1,1,0,0,0,0,C62,,0.0,,,0.0,
000,LHK,X,X,3,X,,,,SURFAC,1,1,-8,0,0,0,,,0.0,,,0.0,
000,LM,X,X,3,X,,,,AAAADL,1,1,0,0,0,3,,,0.0,,,0.0,
000,LMH,X,X,0,X,,,,MAPER,125998,1,-15,0,0,0,,,0.0,,,0.0,
000,LMS,X,X,0,X,,,,HYDROL,1,1,0,0,0,0,,,0.0,,,0.0,
000,LPH,X,X,3,X,,,,VOLFLO,1,3600000,0,0,0,0,,,0.0,,,0.0,
000,M,X,X,3,X,,,,LENGTH,1,1,0,0,0,0,MTR,X,0.0,,,0.0,
000,M%,X,X,0,,,,,MPROPO,1,100,0,0,0,0,,,0.0,,,0.0,
000,M%O,X,X,0,,,,,MPROPO,1,1000,0,0,0,0,,,0.0,,,0.0,
000,M/S,X,X,0,X,,,,SPEED,1,1,0,0,0,0,MTS,X,0.0,,,0.0,
000,M2,X,X,3,X,,,,SURFAC,1,1,0,0,0,0,MTK,X,0.0,,,0.0,
000,M2C,X,X,0,X,,,,SPSUVO,1000000,1,0,0,0,0,,,0.0,,,0.0,
000,M2G,X,X,0,X,,,,SPSUMA,1000,1,0,0,0,0,,,0.0,,,0.0,
000,M2K,X,X,0,X,,,,SPSUMA,1,1,0,0,0,0,D21,,0.0,,,0.0,
000,M2M,X,X,0,X,,,,SPSUVO,1,1,0,0,0,0,,,0.0,,,0.0,
000,M2S,X,X,0,X,,,,VISKIN,1,1,0,0,0,0,S4,,0.0,,,0.0,
000,M3,X,X,3,X,,,,VOLUME,1,1,0,0,0,0,MTQ,X,0.0,,,0.0,
000,M3D,X,X,0,X,,,,VOLFLO,1,86400,0,0,0,0,,,0.0,,,0.0,
000,M3S,X,X,0,X,,,,VOLFLO,1,1,0,0,0,0,MQS,X,0.0,,,0.0,
000,MA,X,X,0,,,,,ECURR,1,1000,0,0,0,0,4K,,0.0,,,0.0,
000,MB2,X,X,0,X,,,,SURCNT,10000,1,6,0,0,0,,,0.0,,,0.0,
000,MBA,X,X,0,,,,,PRESS,100,1,0,0,0,0,MBR,,0.0,,,0.0,
000,MBD,X,X,0,X,,,,ENERGY,105505585,1,1,0,0,3,,,0.0,,,0.0,
000,MBG,X,X,0,X,,,,SPARAD,1000,1,6,0,0,0,,,0.0,,,0.0,
000,MBQ,X,X,0,X,,,,ACTVTY,1,1,6,0,0,0,4N,,0.0,,,0.0,
000,MBZ,X,X,0,,,,,STEXKZ,100000,1,0,0,0,0,,,0.0,,,0.0,
000,MC1,X,X,0,X,,,,VOLUME,566337,20000,0,0,0,3,,,60.0,FAH,,15.025,PSI
000,MC2,X,X,0,X,,,,VOLUME,566337,20000,0,0,0,0,,,60.0,FAH,,14.73,PSI
000,MC3,X,X,0,X,,,,VOLUME,566337,20000,0,0,0,3,,,60.0,FAH,,14.65,PSI
000,MCF,X,X,0,X,,,,VOLUME,566337,20000,0,0,0,3,,,0.0,,,0.0,
000,MEJ,X,X,0,X,,,,ENERGY,1000000,1,0,0,0,0,3B,,0.0,,,0.0,
000,MG,X,X,3,X,,,,MASS,1,1000000,0,0,0,0,MGM,X,0.0,,,0.0,
000,MGF,X,X,0,,,,,MASSBD,1,100,0,0,0,0,,,0.0,,,0.0,
000,MGG,X,X,0,,,,,MPROPO,1,1000,0,0,0,0,,,0.0,,,0.0,
000,MGJ,X,X,0,,,,,MAPER,1,1,-6,0,0,0,,,0.0,,,0.0,
000,MGK,X,X,0,,,,,MPROPO,1,1000000,0,0,0,0,NA,,0.0,,,0.0,
000,MGL,X,X,0,X,,,,DENSI,1,1000,0,0,0,0,M1,,0.0,,,0.0,
000,MGQ,X,X,0,X,,,,DENSI,1,1000000,0,0,0,0,GP,,0.0,,,0.0,
000,MGT,X,X,0,,,,,MPROPO,1,1000,-6,0,0,0,,,0.0,,,0.0,
000,MGW,X,X,0,,,,,POWER,1000000,1,0,0,0,0,MAW,X,0.0,,,0.0,
000,MGq,X,X,0,,,,,DENSI,1,10000000,0,0,0,0,,,0.0,,,0.0,
000,MHZ,X,X,0,,,,,FREQU,1000000,1,0,0,0,0,MHZ,,0.0,,,0.0,
000,MI,X,X,3,X,,,,LENGTH,201168,125,0,0,0,0,SMI,,0.0,,,0.0,
000,MI2,X,X,0,X,,,,SURFAC,774400000,299,0,0,0,0,MIK,,0.0,,,0.0,
000,MIL,X,X,0,X,,,,LENGTH,127,5,-6,0,0,0,77,,0.0,,,0.0,
000,MIM,X,X,3,X,,,,LENGTH,1,1000000,0,0,0,0,4H,,0.0,,,0.0,
000,MIN,X,X,3,X,,,,TIME,60,1,0,0,0,0,MIN,X,0.0,,,0.0,
000,MIS,X,X,0,X,,,,TIME,1,1000000,0,0,0,0,B98,,0.0,,,0.0,
000,MJ,X,X,0,,,,,ENERGY,1,1000,0,0,0,0,C15,,0.0,,,0.0,
000,MJK,X,X,0,,,,,SPENER,1000000,1,0,0,0,0,,,0.0,,,0.0,
000,ML,X,X,3,X,,,,VOLUME,1,1000000,0,0,0,0,MLT,X,0.0,,,0.0,
000,MLK,X,X,0,,,,,VPROPO,1,1,-6,0,0,0,,,0.0,,,0.0,
000,MLR,X,X,3,,,,,VOLUME,1000,1,0,0,0,0,,,0.0,,,0.0,
000,MLW,X,X,0,X,,,,AAAADL,1,1,0,0,0,0,,,0.0,,,0.0,
000,MM,X,X,3,X,,,,LENGTH,1,1000,0,0,0,0,MMT,X,0.0,,,0.0,
000,MM2,X,X,3,X,,,,SURFAC,1,1000000,0,0,0,0,MMK,,0.0,,,0.0,
000,MMK,X,X,0,,,,,SPAEQU,1,1000,0,0,0,0,D87,,0.0,,,0.0,
000,MMO,X,X,0,,,,,MOLQU,1,1000,0,0,0,0,C18,,0.0,,,0.0,
000,MMQ,X,X,0,X,,,,VOLUME,1,1,-9,0,0,0,MMQ,,0.0,,,0.0,
000,MMS,X,X,0,,,,,SPEED,1,1000,0,0,0,0,C16,,0.0,,,0.0,
000,MNM,X,X,0,X,,,,SURFTE,1,1000,0,0,0,0,C22,,0.0,,,0.0,
000,MOK,X,X,0,,,,,SPAEQU,1,1,0,0,0,0,C19,,0.0,,,0.0,
000,MOL,X,X,0,,,,,MOLQU,1,1,0,0,0,0,C34,,0.0,,,0.0,
000,MON,X,X,0,X,,,,TIME,2592000,1,0,0,0,0,MON,X,0.0,,,0.0,
000,MPA,X,X,0,,,,,PRESS,1000000,1,0,0,0,0,MPA,,0.0,,,0.0,
000,MPB,X,X,0,,,,,MPROPO,1,1,-9,0,0,0,,,0.0,,,0.0,
000,MPG,X,X,3,X,,,,SURINV,201168,473168,6,0,0,0,,,0.0,,,0.0,
000,MPM,X,X,0,,,,,MPROPO,1,1,-6,0,0,0,,,0.0,,,0.0,
000,MPS,X,X,0,X,,,,VISDYN,1,1000,0,0,0,0,C24,,0.0,,,0.0,
000,MPT,X,X,0,,,,,MPROPO,1,1,-12,0,0,0,,,0.0,,,0.0,
000,MPZ,X,X,0,,,,,STEXKZ,1,1,0,0,0,0,,,0.0,,,0.0,
000,MQH,X,X,0,X,,,,VOLFLO,1,3600,0,0,0,0,MQH,,0.0,,,0.0,
000,MS,X,X,0,X,,,,TIME,1,1000,0,0,0,0,C26,,0.0,,,0.0,
000,MS2,X,X,0,X,,,,ACCEL,1,1,0,0,0,0,MSK,X,0.0,,,0.0,
000,MTE,X,X,0,,,,,MAGNFD,1,1000,0,0,0,0,C29,,0.0,,,0.0,
000,MTM,X,X,0,,,,,TKONZ,1000000,1,0,0,0,0,,,0.0,,,0.0,
000,MTf,X,X,0,,,,,TKONZ,1000000,1,0,0,0,0,,,0.0,,,0.0,
000,MV,X,X,0,,,,,VOLTAG,1,1000,0,0,0,0,2Z,,0.0,,,0.0,
000,MVA,X,X,0,X,,,,POWER,1,1,6,0,0,0,MVA,,0.0,,,0.0,
000,MW,X,X,0,,,,,POWER,1,1000,0,0,0,0,C31,,0.0,,,0.0,
000,MWH,X,X,0,X,,,,ENERGY,3600,1,6,0,0,0,MWH,,0.0,,,0.0,
000,N,X,X,0,,,,,FORCE,1,1,0,0,0,0,NEW,X,0.0,,,0.0,
000,NAM,X,X,3,X,,,,LENGTH,1,1000000,-3,0,0,0,C45,,0.0,,,0.0,
000,NCH,X,X,0,X,,,,PERMEA,1,360000000,0,0,0,0,,,0.0,,,0.0,
000,NGT,X,X,0,,,,,MPROPO,1,1000,-9,0,0,0,,,0.0,,,0.0,
000,NM,X,X,0,X,,,,SURFTE,1,1,0,0,0,0,4P,,0.0,,,0.0,
000,NS,X,X,0,X,,,,TIME,1,1000000,-3,0,0,0,C47,,0.0,,,0.0,
000,OCM,X,X,0,X,,,,SPREST,1,100,0,0,0,0,C60,,0.0,,,0.0,
000,OHM,X,X,0,,,,,RESIST,1,1,0,0,0,0,OHM,X,0.0,,,0.0,
000,OM,X,X,0,X,,,,SPREST,1,1,0,0,0,0,C61,,0.0,,,0.0,
000,OZ,X,X,0,X,,,,MASS,56699,2000000,0,0,0,0,ONZ,,0.0,,,0.0,
000,P,X,X,0,X,,,,POINTS,1,1,0,0,0,0,,,0.0,,,0.0,
000,PA,X,X,0,,,,,PRESS,1,1,0,0,0,0,PAL,X,0.0,,,0.0,
000,PAA,X,X,0,X,,,,AAAADL,1,1,0,0,0,0,PR,,0.0,,,0.0,
000,PAK,X,X,0,X,,,,AAAADL,1,1,0,0,0,0,PK,X,0.0,,,0.0,
000,PAL,X,X,0,X,,,,AAAADL,1,1,0,0,0,0,PF,X,0.0,,,0.0,
000,PAS,X,X,0,X,,,,VISDYN,1,1,0,0,0,0,C65,,0.0,,,0.0,
000,PCT,X,X,8,X,,,,AAAADL,1,1,0,0,0,8,,,0.0,,,0.0,
000,PDA,X,X,0,X,,,,TIME,28800,1,0,0,0,0,,,0.0,,,0.0,
000,PMR,X,X,0,X,,,,PERMEA,1,1,0,0,0,3,,,0.0,,,0.0,
000,PPB,X,X,0,X,,,,PROPOR,1,1,-9,0,0,0,61,,0.0,,,0.0,
000,PPM,X,X,0,X,,,,PROPOR,1,1,-6,0,0,0,59,,0.0,,,0.0,
000,PPT,X,X,0,X,,,,PROPOR,1,1,-12,0,0,0,,,0.0,,,0.0,
000,PRM,X,X,0,X,,,,PERMEA,1,6000000,0,0,0,3,,,0.0,,,0.0,
000,PRS,X,X,0,X,,,,AAAADL,1,1,0,0,0,0,IE,,0.0,,,0.0,
000,PSI,X,X,0,,,,,PRESS,6894757,1,-3,0,0,0,,,0.0,,,0.0,
000,QMM,X,X,0,X,,,,V_P_H,1,1,0,0,0,5,,,0.0,,,0.0,
000,RHO,X,X,0,X,,,,DENSI,1000,1,0,0,0,0,23,,0.0,,,0.0,
000,RKG,X,X,0,X,,,,RECMAS,1,1,0,0,0,0,,,0.0,,,0.0,
000,RMG,X,X,0,X,,,,RECMAS,1000000,1,0,0,0,0,,,0.0,,,0.0,
000,ROL,X,X,0,X,,,,AAAADL,1,1,0,0,0,0,RO,X,0.0,,,0.0,
000,S,X,X,0,,,,,TIME,1,1,0,0,0,0,SEC,X,0.0,,,0.0,
000,ST,X,X,0,X,,,,AAAADL,1,1,0,0,0,0,PCE,X,0.0,,,0.0,
000,STD,X,X,3,X,,,,TIME,3600,1,0,0,0,1,HUR,X,0.0,,,0.0,
000,TAG,X,X,0,X,,,,TIME,86400,1,0,0,0,0,DAY,X,0.0,,,0.0,
000,TBQ,X,X,0,X,,,,ACTVTY,1,1,12,0,0,0,,,0.0,,,0.0,
000,TC3,X,X,0,,,,,TKONZ,1000000,1,0,0,0,0,,,0.0,,,0.0,
000,TCM,X,X,0,,,,,TKONZ,1000000,1,0,0,0,0,,,0.0,,,0.0,
000,TES,X,X,0,,,,,MAGNFD,1,1,0,0,0,0,D33,,0.0,,,0.0,
000,TEU,X,X,0,X,,,,AAAADL,1,1,0,0,0,0,E22,X,0.0,,,0.0,
000,TH,X,X,0,X,,,,AAAADL,1,1,0,0,0,0,MIL,X,0.0,,,0.0,
000,THA,X,X,0,,,,,MASSBD,1,10,0,0,0,0,,,0.0,,,0.0,
000,TJH,X,X,0,,,,,MASFLO,1,31536,0,0,0,0,,,0.0,,,0.0,
000,TKL,X,X,0,X,,,,DENSI,1000,1,0,0,0,0,,,0.0,,,0.0,
000,TKT,X,X,0,,,,,MPROPO,1,1000000,3,0,0,0,,,0.0,,,0.0,
000,TM3,X,X,0,,,,,TKONZ,1,1,0,0,0,0,,,0.0,,,0.0,
000,TO,X,X,3,X,,,,MASS,1000,1,0,0,0,0,TNE,X,0.0,,,0.0,
000,TON,X,X,3,X,,,,MASS,113398,125,0,0,0,0,STN,,0.0,,,0.0,
000,Tmt,X,X,0,,,,,MASFLO,1,2592,0,0,0,0,,,0.0,,,0.0,
000,ToS,X,X,0,,,,,MASFLO,1000,3600,0,0,0,0,,,0.0,,,0.0,
000,Tot,X,X,0,,,,,MPROPO,5,4536,0,0,0,0,,,0.0,,,0.0,
000,UG,X,X,3,X,,,,MASS,1,1000000000,0,0,0,0,MC,,0.0,,,0.0,
000,UGL,X,X,0,X,,,,DENSI,1,1,-6,0,0,0,,,0.0,,,0.0,
000,V,X,X,0,,,,,VOLTAG,1,1,0,0,0,0,VLT,X,0.0,,,0.0,
000,V%,X,X,0,,,,,VPROPO,1,100,0,0,0,0,,,0.0,,,0.0,
000,V%O,X,X,0,,,,,VPROPO,1,1000,0,0,0,0,,,0.0,,,0.0,
000,VAL,X,X,0,X,X,,,AAAADL,1,1,0,0,0,0,,,0.0,,,0.0,
000,VPB,X,X,0,,,,,VPROPO,1,1,-9,0,0,0,,,0.0,,,0.0,
000,VPM,X,X,0,,,,,VPROPO,1,1,-6,0,0,0,,,0.0,,,0.0,
000,VPT,X,X,0,,,,,VPROPO,1,1,-12,0,0,0,,,0.0,,,0.0,
000,W,X,X,0,,,,,POWER,1,1,0,0,0,0,WTT,X,0.0,,,0.0,
000,WCH,X,X,0,X,,,,TIME,604800,1,0,0,0,0,WEE,X,0.0,,,0.0,
000,WMK,X,X,0,X,,,,THCOND,1,1,0,0,0,0,D53,,0.0,,,0.0,
000,WMP,X,X,0,X,,,,RADEFF,1,1,0,0,0,0,,,0.0,,,0.0,
000,WTL,X,X,0,X,,,,EVARA,1,1,0,0,0,0,,,0.0,,,0.0,
000,YD,X,X,0,X,,,,LENGTH,1143,1250,0,0,0,0,YRD,,0.0,,,0.0,
000,YD2,X,X,0,X,,,,SURFAC,250,299,0,0,0,0,YDK,,0.0,,,0.0,
000,bJH,X,X,0,,,,,POWER,1055056,31536000,-3,0,0,0,,,0.0,,,0.0,
000,bMO,X,X,0,,,,,POWER,1055056,2592000,-3,0,0,0,,,0.0,,,0.0,
000,bbl,X,X,0,,,,,PRESS,884813557,1,-5,0,0,0,,,0.0,,,0.0,
000,bft,X,X,0,,,,,PRESS,372589453,1,-4,0,0,0,B0,,0.0,,,0.0,
000,bgl,X,X,0,,,,,PRESS,278716254,1,-3,0,0,0,,,0.0,,,0.0,
000,bsc,X,X,0,,,,,PRESS,372589453,1,-4,0,0,0,,,0.0,,,0.0,
000,btl,X,X,0,,,,,SPENER,2326,1,0,0,0,0,,,0.0,,,0.0,
000,fcm,X,X,0,,,,,TKONZ,1000000,1,0,0,0,0,,,0.0,,,0.0,
000,fm3,X,X,0,,,,,TKONZ,1,1,0,0,0,0,,,0.0,,,0.0,
000,fml,X,X,0,,,,,TKONZ,1000000,1,0,0,0,0,,,0.0,,,0.0,
000,gGJ,X,X,0,,,,,MAPER,1,1,-12,0,0,0,,,0.0,,,0.0,
000,gj3,X,X,0,,,,,PRESS,1,1,6,0,0,0,,,0.0,,,0.0,
000,gjm,X,X,0,,,,,PRESS,1,1,9,0,0,0,,,0.0,,,0.0,
000,gjt,X,X,0,,,,,SPENER,110231131,1,-2,0,0,0,,,0.0,,,0.0,
000,gml,X,X,0,X,,,,LINDEN,62137,1,-11,0,0,0,,,0.0,,,0.0,
000,grh,X,X,0,X,,,,MASFLO,1000,3600,-8,0,0,0,,,0.0,,,0.0,
000,jm3,X,X,0,,,,,PRESS,1,1,0,0,0,0,,,0.0,,,0.0,
000,kgb,X,X,0,X,,,,DENSI,838641437,1,-8,0,0,0,,,0.0,,,0.0,
000,kgg,X,X,0,,,,,DENSI,1,3785344,9,0,0,0,,,0.0,,,0.0,
000,kgj,X,X,0,,,,,MAPER,1,1,0,0,0,0,,,0.0,,,0.0,
000,kgl,X,X,0,X,,,,LINDEN,62137,1,-8,0,0,0,,,0.0,,,0.0,
000,kgm,X,X,0,,,,,MAPER,947817120,1,-18,0,0,0,,,0.0,,,0.0,
000,kgs,X,X,0,,,,,DENSI,372397870,1,-7,0,0,0,,,0.0,,,0.0,
000,kgt,X,X,0,,,,,MPROPO,110231131,1,-11,0,0,0,,,0.0,,,0.0,
000,kml,X,X,0,,,,,MOLMAS,1,1,-3,0,0,0,,,0.0,,,0.0,
000,kwk,X,X,0,,,,,SPENER,3600,1,3,0,0,0,,,0.0,,,0.0,
000,lbb,X,X,0,,,,,MAPER,429922614,1,-12,0,0,0,,,0.0,,,0.0,
000,lbg,X,X,0,,,,,DENSI,119826420,1,-6,0,0,0,GE,,0.0,,,0.0,
000,lbl,X,X,0,,,,,MOLMAS,1,1,-3,0,0,0,,,0.0,,,0.0,
000,lbm,X,X,0,,,,,MAPER,429922614,1,-18,0,0,0,,,0.0,,,0.0,
000,lbs,X,X,0,,,,,DENSI,168916832,1,-7,0,0,0,,,0.0,,,0.0,
000,lbt,X,X,0,,,,,MPROPO,5,1,-4,0,0,0,,,0.0,,,0.0,
000,lcm,X,X,0,,,,,VPROPO,1000,1,0,0,0,0,,,0.0,,,0.0,
000,lhh,X,X,0,X,,,,MAPER,453592,2684520,-6,0,0,0,,,0.0,,,0.0,
000,lht,X,X,0,X,,,,MAPER,453592,2684520,-11,0,0,0,,,0.0,,,0.0,
000,lmf,X,X,0,,,,,DENSI,160185259,1,-13,0,0,0,,,0.0,,,0.0,
000,lmg,X,X,0,,,,,DENSI,119828573,1,-12,0,0,0,,,0.0,,,0.0,
000,ltb,X,X,0,,,,,DENSI,285306126,1,-11,0,0,0,,,0.0,,,0.0,
000,ltf,X,X,0,,,,,DENSI,160185259,1,-10,0,0,0,,,0.0,,,0.0,
000,ltg,X,X,0,,,,,DENSI,119828573,1,-9,0,0,0,,,0.0,,,0.0,
000,lth,X,X,0,X,,,,MAPER,453592,2684520,-9,0,0,0,,,0.0,,,0.0,
000,mGJ,X,X,0,,,,,MAPER,1,1,-15,0,0,0,,,0.0,,,0.0,
000,mHg,X,X,0,,,,,PRESS,133322387,1,-6,0,0,0,,,0.0,,,0.0,
000,mbb,X,X,0,,,,,PRESS,884813557,1,0,0,0,0,,,0.0,,,0.0,
000,mbg,X,X,0,,,,,PRESS,278716254,1,3,0,0,0,,,0.0,,,0.0,
000,mbk,X,X,0,,,,,SPENER,1055056000,1,0,0,0,0,,,0.0,,,0.0,
000,mbl,X,X,0,,,,,SPENER,2326,1,6,0,0,0,,,0.0,,,0.0,
000,mbm,X,X,0,,,,,PRESS,372589453,1,-4,0,0,0,,,0.0,,,0.0,
000,mbs,X,X,0,,,,,PRESS,372589453,1,2,0,0,0,,,0.0,,,0.0,
000,mbt,X,X,0,,,,,SPENER,1163,1,3,0,0,0,,,0.0,,,0.0,
000,mjm,X,X,0,,,,,PRESS,1,1,6,0,0,0,,,0.0,,,0.0,
000,mkG,X,X,0,,,,,MAPER,1,1,-18,0,0,0,,,0.0,,,0.0,
000,mmB,X,X,0,,,,,ENERGY,1055056000,1,0,0,0,0,,,0.0,,,0.0,
000,nGJ,X,X,0,,,,,MAPER,1,1,-21,0,0,0,,,0.0,,,0.0,
000,nQ,X,X,0,,,,,DENSI,1,1,-12,0,0,0,,,0.0,,,0.0,
000,pQ,X,X,0,,,,,DENSI,1,1,-15,0,0,0,,,0.0,,,0.0,
000,sM3,X,X,0,,,,,TKONZ,1,1,0,0,0,0,,,0.0,,,0.0,
000,sMb,X,X,0,,,,,VPROPO,1,1,0,0,0,0,,,0.0,,,0.0,
000,scf,X,X,0,,,,,VOLUME,1,1,0,0,0,0,,,0.0,,,0.0,
000,sch,X,X,0,,,,,VOLFLO,1,1,0,0,0,0,,,0.0,,,0.0,
000,scy,X,X,0,,,,,VOLFLO,1,1,0,0,0,0,,,0.0,,,0.0,
000,tJH,X,X,0,,,,,MASFLO,113398,3942,-6,0,0,0,,,0.0,,,0.0,
000,tMb,X,X,0,,,,,DENSI,838641437,1,-11,0,0,0,,,0.0,,,0.0,
000,tMs,X,X,0,,,,,DENSI,372397870,1,-10,0,0,0,,,0.0,,,0.0,
000,tbl,X,X,0,,,,,DENSI,838641437,1,-5,0,0,0,,,0.0,,,0.0,
000,tbt,X,X,0,,,,,MAPER,947817120,1,-9,0,0,0,,,0.0,,,0.0,
000,tgl,X,X,0,,,,,DENSI,239652841,1,-3,0,0,0,,,0.0,,,0.0,
000,thm,X,X,0,,,,,ENERGY,105506000,1,0,0,0,0,,,0.0,,,0.0,
000,tjl,X,X,0,,,,,MAPER,1,1,3,0,0,0,,,0.0,,,0.0,
000,tm3,X,X,0,,,,,DENSI,1,1,0,0,0,0,,,0.0,,,0.0,
000,tmt,X,X,0,,,,,MASFLO,113398,324,-6,0,0,0,,,0.0,,,0.0,
000,toS,X,X,0,,,,,MASFLO,113398,450000,0,0,0,0,,,0.0,,,0.0,
000,tot,X,X,0,,,,,MPROPO,1,1,0,0,0,0,,,0.0,,,0.0,
000,tt,X,X,0,,,,,MPROPO,1,1,0,0,0,0,,,0.0,,,0.0,
000,ttj,X,X,0,,,,,MAPER,1,1,-9,0,0,0,,,0.0,,,0.0,
100,QMM,X,X,0,X,,,,V_P_H,1,1,0,0,0,5,,,0.0,,,0.0,
100,RMG,X,X,0,X,,,,RECMAS,1000000,1,0,0,0,0,,,0.0,,,0.0,
100,RKG,X,X,0,X,,,,RECMAS,1,1,0,0,0,0,,,0.0,,,0.0,
100,MLR,X,X,3,,,,,VOLUME,1000,1,0,0,0,0,,,0.0,,,0.0,
100,NCH,X,X,0,X,,,,PERMEA,1,360000000,0,0,0,0,,,0.0,,,0.0,
100,UG,X,X,3,X,,,,MASS,1,1000000000,0,0,0,0,MC,,0.0,,,0.0,
100,kmt,X,X,0,X,,,,LINDEN,1,1,0,0,0,0,,,0.0,,,0.0,
100,kgl,X,X,0,X,,,,LINDEN,62137,1,-8,0,0,0,,,0.0,,,0.0,
100,grh,X,X,0,X,,,,MASFLO,1000,3600,-8,0,0,0,,,0.0,,,0.0,
100,gml,X,X,0,X,,,,LINDEN,62137,1,-11,0,0,0,,,0.0,,,0.0,
100,GUT,X,X,0,X,,,,MPROPO,110231,1,-11,0,0,0,,,0.0,,,0.0,
100,GMB,X,X,0,X,,,,MAPER,947817,1,-12,0,0,0,,,0.0,,,0.0,
100,GKH,X,X,0,X,,,,MAPER,277778,1,-16,0,0,0,,,0.0,,,0.0,
100,GGL,X,X,0,X,,,,DENSI,264172,1,-6,0,0,0,,,0.0,,,0.0,
100,UG6,X,X,3,X,,,,VOLUME,3725953,984292651,0,0,0,3,_12,,60.0,FAH,,0.0,
100,FAH,X,X,2,X,,,,TEMP,5,9,0,255.372222,0,2,,,0.0,,,0.0,
100,D95,X,X,0,X,,,,SPENER,1,1,3,0,0,0,D95,,0.0,,,0.0,
100,BC3,X,X,0,X,,,,HVALUE,372589413,10000,0,0,0,3,,,60.0,FAH,,14.65,PSI
100,BC2,X,X,0,X,,,,HVALUE,372589413,10000,0,0,0,3,,,60.0,FAH,,14.73,PSI
100,BC1,X,X,0,X,,,,HVALUE,372589413,10000,0,0,0,3,,,60.0,FAH,,15.025,PSI
100,LMH,X,X,0,X,,,,MAPER,125998,1,-15,0,0,0,,,0.0,,,0.0,
100,LA,X,X,0,X,,,,AAAADL,1,1,0,0,0,0,,,0.0,,,0.0,
100,Kcl,X,X,0,,,,,ENERGY,41868,10,0,0,0,0,E14,,0.0,,,0.0,
100,MCF,X,X,0,X,,,,VOLUME,566337,20000,0,0,0,3,,,0.0,,,0.0,
100,MC3,X,X,0,X,,,,VOLUME,566337,20000,0,0,0,3,,,60.0,FAH,,14.65,PSI
100,MC2,X,X,0,X,,,,VOLUME,566337,20000,0,0,0,0,,,60.0,FAH,,14.73,PSI
100,MC1,X,X,0,X,,,,VOLUME,566337,20000,0,0,0,3,,,60.0,FAH,,15.025,PSI
100,MBD,X,X,0,X,,,,ENERGY,105505585,1,1,0,0,3,,,0.0,,,0.0,
100,KEL,X,X,0,X,,,,MAPER,277778,1,-12,0,0,0,,,0.0,,,0.0,
100,JM3,X,X,0,X,,,,HVALUE,1,1,0,0,0,0,,,0.0,,,0.0,
100,KMI,X,X,0,X,,,,MASFLO,1,60,0,0,0,0,,,0.0,,,0.0,
100,KKW,X,X,0,X,,,,MAPER,277778,1,-15,0,0,0,,,0.0,,,0.0,
100,RHO,X,X,0,X,,,,DENSI,1000,1,0,0,0,0,23,,0.0,,,0.0,
100,QT,X,X,0,X,,,,VOLUME,946336,1,-9,0,0,0,QT,,0.0,,,0.0,
100,PT,X,X,0,X,,,,VOLUME,473168,1,-9,0,0,0,PT,,0.0,,,0.0,
100,PSI,X,X,0,,,,,PRESS,6894757,1,-3,0,0,0,,,0.0,,,0.0,
100,PS,X,X,0,X,,,,TIME,1,1,-12,0,0,0,,,0.0,,,0.0,
100,PRS,X,X,0,X,,,,AAAADL,1,1,0,0,0,0,IE,,0.0,,,0.0,
100,PRM,X,X,0,X,,,,PERMEA,1,6000000,0,0,0,3,,,0.0,,,0.0,
100,PPT,X,X,0,X,,,,PROPOR,1,1,-12,0,0,0,,,0.0,,,0.0,
100,PPM,X,X,0,X,,,,PROPOR,1,1,-6,0,0,0,59,,0.0,,,0.0,
100,PPB,X,X,0,X,,,,PROPOR,1,1,-9,0,0,0,61,,0.0,,,0.0,
100,PMR,X,X,0,X,,,,PERMEA,1,1,0,0,0,3,,,0.0,,,0.0,
100,PMI,X,X,0,X,,,,FREQU,1,60,0,0,0,0,,,0.0,,,0.0,
100,PDA,X,X,0,X,,,,TIME,28800,1,0,0,0,0,,,0.0,,,0.0,
100,PCT,X,X,8,X,,,,AAAADL,1,1,0,0,0,8,,,0.0,,,0.0,
100,PAS,X,X,0,X,,,,VISDYN,1,1,0,0,0,0,C65,,0.0,,,0.0,
100,PAL,X,X,0,X,,,,AAAADL,1,1,0,0,0,0,PF,X,0.0,,,0.0,
100,PAK,X,X,0,X,,,,AAAADL,1,1,0,0,0,0,PK,X,0.0,,,0.0,
100,PAA,X,X,0,X,,,,AAAADL,1,1,0,0,0,0,PR,,0.0,,,0.0,
100,PA,X,X,0,,,,,PRESS,1,1,0,0,0,0,PAL,X,0.0,,,0.0,
100,P,X,X,0,X,,,,POINTS,1,1,0,0,0,0,,,0.0,,,0.0,
100,OZA,X,X,0,X,,,,VOLUME,29573,1,-9,0,0,0,OZA,X,0.0,,,0.0,
100,OZ,X,X,0,X,,,,MASS,56699,2000000,0,0,0,0,ONZ,,0.0,,,0.0,
100,OM,X,X,0,X,,,,SPREST,1,1,0,0,0,0,C61,,0.0,,,0.0,
100,OHM,X,X,0,,,,,RESIST,1,1,0,0,0,0,OHM,X,0.0,,,0.0,
100,Tot,X,X,0,,,,,MPROPO,5,4536,0,0,0,0,,,0.0,,,0.0,
100,ToS,X,X,0,,,,,MASFLO,1000,3600,0,0,0,0,,,0.0,,,0.0,
100,Tmt,X,X,0,,,,,MASFLO,1,2592,0,0,0,0,,,0.0,,,0.0,
100,TON,X,X,3,X,,,,MASS,113398,125,0,0,0,0,STN,,0.0,,,0.0,
100,TO,X,X,3,X,,,,MASS,1000,1,0,0,0,0,TNE,X,0.0,,,0.0,
100,TM3,X,X,0,,,,,TKONZ,1,1,0,0,0,0,,,0.0,,,0.0,
100,TKT,X,X,0,,,,,MPROPO,1,1000000,3,0,0,0,,,0.0,,,0.0,
100,TKL,X,X,0,X,,,,DENSI,1000,1,0,0,0,0,,,0.0,,,0.0,
100,TJH,X,X,0,,,,,MASFLO,1,31536,0,0,0,0,,,0.0,,,0.0,
100,THA,X,X,0,,,,,MASSBD,1,10,0,0,0,0,,,0.0,,,0.0,
100,TH,X,X,0,X,,,,AAAADL,1,1,0,0,0,0,MIL,X,0.0,,,0.0,
100,TEU,X,X,0,X,,,,AAAADL,1,1,0,0,0,0,E22,X,0.0,,,0.0,
100,TES,X,X,0,,,,,MAGNFD,1,1,0,0,0,0,D33,,0.0,,,0.0,
100,TCM,X,X,0,,,,,TKONZ,1000000,1,0,0,0,0,,,0.0,,,0.0,
100,TC3,X,X,0,,,,,TKONZ,1000000,1,0,0,0,0,,,0.0,,,0.0,
100,TBQ,X,X,0,X,,,,ACTVTY,1,1,12,0,0,0,,,0.0,,,0.0,
100,TAG,X,X,0,X,,,,TIME,86400,1,0,0,0,0,DAY,X,0.0,,,0.0,
100,SVS,X,X,0,X,,,,DOSRAT,1,1,0,0,0,0,,,0.0,,,0.0,
100,SVH,X,X,0,X,,,,DOSRAT,1,3600,0,0,0,0,,,0.0,,,0.0,
100,STD,X,X,3,X,,,,TIME,3600,1,0,0,0,1,HUR,X,0.0,,,0.0,
100,ST,X,X,0,X,,,,AAAADL,1,1,0,0,0,0,PCE,X,0.0,,,0.0,
100,S,X,X,0,,,,,TIME,1,1,0,0,0,0,SEC,X,0.0,,,0.0,
100,ROL,X,X,0,X,,,,AAAADL,1,1,0,0,0,0,RO,X,0.0,,,0.0,
100,MPA,X,X,0,,,,,PRESS,1000000,1,0,0,0,0,MPA,,0.0,,,0.0,
100,MON,X,X,0,X,,,,TIME,2592000,1,0,0,0,0,MON,X,0.0,,,0.0,
100,MOL,X,X,0,,,,,MOLQU,1,1,0,0,0,0,C34,,0.0,,,0.0,
100,MOK,X,X,0,,,,,SPAEQU,1,1,0,0,0,0,C19,,0.0,,,0.0,
100,MNM,X,X,0,X,,,,SURFTE,1,1000,0,0,0,0,C22,,0.0,,,0.0,
100,MMS,X,X,0,,,,,SPEED,1,1000,0,0,0,0,C16,,0.0,,,0.0,
100,MMQ,X,X,0,X,,,,VOLUME,1,1,-9,0,0,0,MMQ,,0.0,,,0.0,
100,MMO,X,X,0,,,,,MOLQU,1,1000,0,0,0,0,C18,,0.0,,,0.0,
100,MMK,X,X,0,,,,,SPAEQU,1,1000,0,0,0,0,D87,,0.0,,,0.0,
100,MMH,X,X,0,,,,,SPEED,1,3600000,0,0,0,0,,,0.0,,,0.0,
100,MMG,X,X,0,,,,,SPAEQU,1,1,0,0,0,0,,,0.0,,,0.0,
100,MMA,X,X,0,,,,,SPEED,1,31536,-6,0,0,0,,,0.0,,,0.0,
100,MM2,X,X,3,X,,,,SURFAC,1,1000000,0,0,0,0,MMK,,0.0,,,0.0,
100,MM,X,X,3,X,,,,LENGTH,1,1000,0,0,0,0,MMT,X,0.0,,,0.0,
100,MLW,X,X,0,X,,,,AAAADL,1,1,0,0,0,0,,,0.0,,,0.0,
100,MLK,X,X,0,,,,,VPROPO,1,1,-6,0,0,0,,,0.0,,,0.0,
100,ML,X,X,3,X,,,,VOLUME,1,1000000,0,0,0,0,MLT,X,0.0,,,0.0,
100,MJK,X,X,0,,,,,SPENER,1000000,1,0,0,0,0,,,0.0,,,0.0,
100,MJ,X,X,0,,,,,ENERGY,1,1000,0,0,0,0,C15,,0.0,,,0.0,
100,MIS,X,X,0,X,,,,TIME,1,1000000,0,0,0,0,B98,,0.0,,,0.0,
100,MIN,X,X,3,X,,,,TIME,60,1,0,0,0,0,MIN,X,0.0,,,0.0,
100,MIM,X,X,3,X,,,,LENGTH,1,1000000,0,0,0,0,4H,,0.0,,,0.0,
100,MIL,X,X,0,X,,,,LENGTH,127,5,-6,0,0,0,77,,0.0,,,0.0,
100,MI2,X,X,0,X,,,,SURFAC,774400000,299,0,0,0,0,MIK,,0.0,,,0.0,
100,OCM,X,X,0,X,,,,SPREST,1,100,0,0,0,0,C60,,0.0,,,0.0,
100,NS,X,X,0,X,,,,TIME,1,1000000,-3,0,0,0,C47,,0.0,,,0.0,
100,NM,X,X,0,X,,,,SURFTE,1,1,0,0,0,0,4P,,0.0,,,0.0,
100,NGT,X,X,0,,,,,MPROPO,1,1000,-9,0,0,0,,,0.0,,,0.0,
100,NAM,X,X,3,X,,,,LENGTH,1,1000000,-3,0,0,0,C45,,0.0,,,0.0,
100,N,X,X,0,,,,,FORCE,1,1,0,0,0,0,NEW,X,0.0,,,0.0,
100,MWH,X,X,0,X,,,,ENERGY,3600,1,6,0,0,0,MWH,,0.0,,,0.0,
100,MW,X,X,0,,,,,POWER,1,1000,0,0,0,0,C31,,0.0,,,0.0,
100,MVA,X,X,0,X,,,,POWER,1,1,6,0,0,0,MVA,,0.0,,,0.0,
100,MV,X,X,0,,,,,VOLTAG,1,1000,0,0,0,0,2Z,,0.0,,,0.0,
100,MTf,X,X,0,,,,,TKONZ,1000000,1,0,0,0,0,,,0.0,,,0.0,
100,MTS,X,X,0,X,,,,SPEED,1,3600,0,0,0,0,MTS,,0.0,,,0.0,
100,MTM,X,X,0,,,,,TKONZ,1000000,1,0,0,0,0,,,0.0,,,0.0,
100,MTE,X,X,0,,,,,MAGNFD,1,1000,0,0,0,0,C29,,0.0,,,0.0,
100,MSH,X,X,0,X,,,,DOSRAT,1,3600,-3,0,0,0,,,0.0,,,0.0,
100,MS2,X,X,0,X,,,,ACCEL,1,1,0,0,0,0,MSK,X,0.0,,,0.0,
100,MS,X,X,0,X,,,,TIME,1,1000,0,0,0,0,C26,,0.0,,,0.0,
100,MQH,X,X,0,X,,,,VOLFLO,1,3600,0,0,0,0,MQH,,0.0,,,0.0,
100,MPZ,X,X,0,,,,,STEXKZ,1,1,0,0,0,0,,,0.0,,,0.0,
100,MPT,X,X,0,,,,,MPROPO,1,1,-12,0,0,0,,,0.0,,,0.0,
100,MPS,X,X,0,X,,,,VISDYN,1,1000,0,0,0,0,C24,,0.0,,,0.0,
100,MPM,X,X,0,,,,,MPROPO,1,1,-6,0,0,0,,,0.0,,,0.0,
100,MPG,X,X,3,X,,,,SURINV,201168,473168,6,0,0,0,,,0.0,,,0.0,
100,MPB,X,X,0,,,,,MPROPO,1,1,-9,0,0,0,,,0.0,,,0.0,
100,sMb,X,X,0,,,,,VPROPO,1,1,0,0,0,0,,,0.0,,,0.0,
100,sM3,X,X,0,,,,,TKONZ,1,1,0,0,0,0,,,0.0,,,0.0,
100,pQ,X,X,0,,,,,DENSI,1,1,-15,0,0,0,,,0.0,,,0.0,
100,nQ,X,X,0,,,,,DENSI,1,1,-12,0,0,0,,,0.0,,,0.0,
100,nGJ,X,X,0,,,,,MAPER,1,1,-21,0,0,0,,,0.0,,,0.0,
100,mmB,X,X,0,,,,,ENERGY,1055056000,1,0,0,0,0,,,0.0,,,0.0,
100,mkG,X,X,0,,,,,MAPER,1,1,-18,0,0,0,,,0.0,,,0.0,
100,mjm,X,X,0,,,,,PRESS,1,1,6,0,0,0,,,0.0,,,0.0,
100,mbt,X,X,0,,,,,SPENER,1163,1,3,0,0,0,,,0.0,,,0.0,
100,mbs,X,X,0,,,,,PRESS,372589453,1,2,0,0,0,,,0.0,,,0.0,
100,mbm,X,X,0,,,,,PRESS,372589453,1,-4,0,0,0,,,0.0,,,0.0,
100,mbl,X,X,0,,,,,SPENER,2326,1,6,0,0,0,,,0.0,,,0.0,
100,mbk,X,X,0,,,,,SPENER,1055056000,1,0,0,0,0,,,0.0,,,0.0,
100,mbg,X,X,0,,,,,PRESS,278716254,1,3,0,0,0,,,0.0,,,0.0,
100,mbb,X,X,0,,,,,PRESS,884813557,1,0,0,0,0,,,0.0,,,0.0,
100,mHg,X,X,0,,,,,PRESS,133322387,1,-6,0,0,0,,,0.0,,,0.0,
100,mGJ,X,X,0,,,,,MAPER,1,1,-15,0,0,0,,,0.0,,,0.0,
100,lth,X,X,0,X,,,,MAPER,453592,2684520,-9,0,0,0,,,0.0,,,0.0,
100,ltg,X,X,0,,,,,DENSI,119828573,1,-9,0,0,0,,,0.0,,,0.0,
100,ltf,X,X,0,,,,,DENSI,160185259,1,-10,0,0,0,,,0.0,,,0.0,
100,ltb,X,X,0,,,,,DENSI,285306126,1,-11,0,0,0,,,0.0,,,0.0,
100,lmg,X,X,0,,,,,DENSI,119828573,1,-12,0,0,0,,,0.0,,,0.0,
100,lmf,X,X,0,,,,,DENSI,160185259,1,-13,0,0,0,,,0.0,,,0.0,
100,lht,X,X,0,X,,,,MAPER,453592,2684520,-11,0,0,0,,,0.0,,,0.0,
100,lhh,X,X,0,X,,,,MAPER,453592,2684520,-6,0,0,0,,,0.0,,,0.0,
100,ttj,X,X,0,,,,,MAPER,1,1,-9,0,0,0,,,0.0,,,0.0,
100,tt,X,X,0,,,,,MPROPO,1,1,0,0,0,0,,,0.0,,,0.0,
100,tot,X,X,0,,,,,MPROPO,1,1,0,0,0,0,,,0.0,,,0.0,
100,toS,X,X,0,,,,,MASFLO,113398,450000,0,0,0,0,,,0.0,,,0.0,
100,tmt,X,X,0,,,,,MASFLO,113398,324,-6,0,0,0,,,0.0,,,0.0,
100,tm3,X,X,0,,,,,DENSI,1,1,0,0,0,0,,,0.0,,,0.0,
100,tjl,X,X,0,,,,,MAPER,1,1,3,0,0,0,,,0.0,,,0.0,
100,thm,X,X,0,,,,,ENERGY,105506000,1,0,0,0,0,,,0.0,,,0.0,
100,tgl,X,X,0,,,,,DENSI,239652841,1,-3,0,0,0,,,0.0,,,0.0,
100,tbt,X,X,0,,,,,MAPER,947817120,1,-9,0,0,0,,,0.0,,,0.0,
100,tbl,X,X,0,,,,,DENSI,838641437,1,-5,0,0,0,,,0.0,,,0.0,
100,tMs,X,X,0,,,,,DENSI,372397870,1,-10,0,0,0,,,0.0,,,0.0,
100,tMb,X,X,0,,,,,DENSI,838641437,1,-11,0,0,0,,,0.0,,,0.0,
100,tJH,X,X,0,,,,,MASFLO,113398,3942,-6,0,0,0,,,0.0,,,0.0,
100,scy,X,X,0,,,,,VOLFLO,1,1,0,0,0,0,,,0.0,,,0.0,
100,sch,X,X,0,,,,,VOLFLO,1,1,0,0,0,0,,,0.0,,,0.0,
100,scf,X,X,0,,,,,VOLUME,1,1,0,0,0,0,,,0.0,,,0.0,
100,bgl,X,X,0,,,,,PRESS,278716254,1,-3,0,0,0,,,0.0,,,0.0,
100,bft,X,X,0,,,,,PRESS,372589453,1,-4,0,0,0,B0,,0.0,,,0.0,
100,bbl,X,X,0,,,,,PRESS,884813557,1,-5,0,0,0,,,0.0,,,0.0,
100,bMO,X,X,0,,,,,POWER,1055056,2592000,-3,0,0,0,,,0.0,,,0.0,
100,bJH,X,X,0,,,,,POWER,1055056,31536000,-3,0,0,0,,,0.0,,,0.0,
100,YD3,X,X,0,X,,,,VOLUME,764551872,1,-9,0,0,0,YDQ,,0.0,,,0.0,
100,YD2,X,X,0,X,,,,SURFAC,250,299,0,0,0,0,YDK,,0.0,,,0.0,
100,YD,X,X,0,X,,,,LENGTH,1143,1250,0,0,0,0,YRD,,0.0,,,0.0,
100,WTL,X,X,0,X,,,,EVARA,1,1,0,0,0,0,,,0.0,,,0.0,
100,WMP,X,X,0,X,,,,RADEFF,1,1,0,0,0,0,,,0.0,,,0.0,
100,WMK,X,X,0,X,,,,THCOND,1,1,0,0,0,0,D53,,0.0,,,0.0,
100,WCH,X,X,0,X,,,,TIME,604800,1,0,0,0,0,WEE,X,0.0,,,0.0,
100,W,X,X,0,,,,,POWER,1,1,0,0,0,0,WTT,X,0.0,,,0.0,
100,VPT,X,X,0,,,,,VPROPO,1,1,-12,0,0,0,,,0.0,,,0.0,
100,VPM,X,X,0,,,,,VPROPO,1,1,-6,0,0,0,,,0.0,,,0.0,
100,VPB,X,X,0,,,,,VPROPO,1,1,-9,0,0,0,,,0.0,,,0.0,
100,VAL,X,X,0,X,X,,,AAAADL,1,1,0,0,0,0,,,0.0,,,0.0,
100,V02,X,X,0,X,,,,ACBAC,1,1,0,0,0,3,C36,,0.0,,,0.0,
100,V01,X,X,0,X,,,,CONDUC,1,1,-4,0,0,3,,,0.0,,,0.0,
100,V%O,X,X,0,,,,,VPROPO,1,1000,0,0,0,0,,,0.0,,,0.0,
100,V%,X,X,0,,,,,VPROPO,1,100,0,0,0,0,,,0.0,,,0.0,
100,V,X,X,0,,,,,VOLTAG,1,1,0,0,0,0,VLT,X,0.0,,,0.0,
100,USH,X,X,0,X,,,,DOSRAT,1,3600,-6,0,0,0,,,0.0,,,0.0,
100,UGL,X,X,0,X,,,,DENSI,1,1,-6,0,0,0,,,0.0,,,0.0,
100,lcm,X,X,0,,,,,VPROPO,1000,1,0,0,0,0,,,0.0,,,0.0,
100,lbt,X,X,0,,,,,MPROPO,5,1,-4,0,0,0,,,0.0,,,0.0,
100,lbs,X,X,0,,,,,DENSI,168916832,1,-7,0,0,0,,,0.0,,,0.0,
100,lbm,X,X,0,,,,,MAPER,429922614,1,-18,0,0,0,,,0.0,,,0.0,
100,lbl,X,X,0,,,,,MOLMAS,1,1,-3,0,0,0,,,0.0,,,0.0,
100,lbg,X,X,0,,,,,DENSI,119826420,1,-6,0,0,0,GE,,0.0,,,0.0,
100,lbb,X,X,0,,,,,MAPER,429922614,1,-12,0,0,0,,,0.0,,,0.0,
100,kwk,X,X,0,,,,,SPENER,3600,1,3,0,0,0,,,0.0,,,0.0,
100,kml,X,X,0,,,,,MOLMAS,1,1,-3,0,0,0,,,0.0,,,0.0,
100,kgt,X,X,0,,,,,MPROPO,110231131,1,-11,0,0,0,,,0.0,,,0.0,
100,kgs,X,X,0,,,,,DENSI,372397870,1,-7,0,0,0,,,0.0,,,0.0,
100,kgm,X,X,0,,,,,MAPER,947817120,1,-18,0,0,0,,,0.0,,,0.0,
100,kgj,X,X,0,,,,,MAPER,1,1,0,0,0,0,,,0.0,,,0.0,
100,kgg,X,X,0,,,,,DENSI,1,3785344,9,0,0,0,,,0.0,,,0.0,
100,kgb,X,X,0,X,,,,DENSI,838641437,1,-8,0,0,0,,,0.0,,,0.0,
100,jm3,X,X,0,,,,,PRESS,1,1,0,0,0,0,,,0.0,,,0.0,
100,gjt,X,X,0,,,,,SPENER,110231131,1,-2,0,0,0,,,0.0,,,0.0,
100,gjm,X,X,0,,,,,PRESS,1,1,9,0,0,0,,,0.0,,,0.0,
100,gj3,X,X,0,,,,,PRESS,1,1,6,0,0,0,,,0.0,,,0.0,
100,gGJ,X,X,0,,,,,MAPER,1,1,-12,0,0,0,,,0.0,,,0.0,
100,fml,X,X,0,,,,,TKONZ,1000000,1,0,0,0,0,,,0.0,,,0.0,
100,fm3,X,X,0,,,,,TKONZ,1,1,0,0,0,0,,,0.0,,,0.0,
100,fcm,X,X,0,,,,,TKONZ,1000000,1,0,0,0,0,,,0.0,,,0.0,
100,btl,X,X,0,,,,,SPENER,2326,1,0,0,0,0,,,0.0,,,0.0,
100,bsc,X,X,0,,,,,PRESS,372589453,1,-4,0,0,0,,,0.0,,,0.0,
100,MI,X,X,3,X,,,,LENGTH,201168,125,0,0,0,0,SMI,,0.0,,,0.0,
100,FT3,X,X,0,X,,,,VOLUME,28316736,1,-9,0,0,0,FTQ,,0.0,,,0.0,
100,FT2,X,X,0,X,,,,SURFAC,250,2691,0,0,0,0,FTK,,0.0,,,0.0,
100,FT,X,X,0,X,,,,LENGTH,381,1250,0,0,0,0,FOT,,0.0,,,0.0,
100,FA,X,X,0,,,,,TEMP,5,9,0,255.372222,0,0,FAH,X,0.0,,,0.0,
100,F,X,X,0,,,,,CAPACI,1,1,0,0,0,0,FAR,,0.0,,,0.0,
100,EML,X,X,0,X,,,,AAAADL,1,1,0,0,0,0,,,0.0,,,0.0,
100,EE,X,X,0,X,,,,AAAADL,1,1,0,0,0,0,,,0.0,,,0.0,
100,EA,X,X,0,X,,,,AAAADL,1,1,0,0,0,0,EA,,0.0,,,0.0,
100,DZ,X,X,0,X,,,,AAAADL,1,1,0,0,0,0,DZN,X,0.0,,,0.0,
100,DR,X,X,0,X,,,,AAAADL,1,1,0,0,0,0,DR,X,0.0,,,0.0,
100,DM,X,X,3,X,,X,,LENGTH,1,10,0,0,0,0,DMT,X,0.0,,,0.0,
100,DGP,X,X,2,X,,,,AAAADL,1,1,0,0,0,2,,,0.0,,,0.0,
100,DEG,X,X,99,X,,,,AAAADL,1,1,0,0,0,1,DD,,0.0,,,0.0,
100,DBC,X,X,0,X,,,,SNDPLV,1,1,0,0,0,1,,,0.0,,,0.0,
100,DBA,X,X,0,X,,,,SNDPLV,1,1,0,0,0,1,,,0.0,,,0.0,
100,D46,X,X,0,X,,,,POWER,1,1,0,0,0,0,D46,,0.0,,,0.0,
100,D41,X,X,0,X,,,,DENSI,1,1,3,0,0,0,D41,,0.0,,,0.0,
100,D10,X,X,0,X,,,,CONDUC,1,1,0,0,0,3,D10,,0.0,,,0.0,
100,CTL,X,X,0,X,,,,VOLUME,1,100000,0,0,0,0,CLT,,0.0,,,0.0,
100,CS,X,X,0,X,,,,AAAADL,1,1,0,0,0,0,CS,X,0.0,,,0.0,
100,COP,X,X,0,X,,,,AAAADL,1,1,0,0,0,0,,,0.0,,,0.0,
100,CMH,X,X,0,,,,,SPEED,1,360000,0,0,0,0,,,0.0,,,0.0,
100,HZ,X,X,0,,,,,FREQU,1,1,0,0,0,0,HTZ,X,0.0,,,0.0,
100,HPA,X,X,0,,,,,PRESS,100,1,0,0,0,0,A97,,0.0,,,0.0,
100,HL,X,X,3,X,,,,VOLUME,1,10,0,0,0,0,HLT,X,0.0,,,0.0,
100,HAR,X,X,0,X,,,,SURFAC,10000,1,0,0,0,0,HAR,,0.0,,,0.0,
100,H,X,X,3,X,,,,TIME,3600,1,0,0,0,0,HUR,,0.0,,,0.0,
100,GW,X,X,0,X,,,,AAAADL,1,1,0,0,0,0,,,0.0,,,0.0,
100,GT,X,X,0,,,,,MPROPO,1,1000,-3,0,0,0,,,0.0,,,0.0,
100,GRO,X,X,0,X,,,,AAAADL,1,1,0,0,0,0,GRO,X,0.0,,,0.0,
100,GQ,X,X,0,X,,,,DENSI,1,1,-9,0,0,0,GQ,,0.0,,,0.0,
100,GPH,X,X,3,X,,,,VOLFLO,3785344,3600,-9,0,0,0,,,0.0,,,0.0,
100,GM2,X,X,0,X,,,,MASSBD,1,1000,0,0,0,0,GM,,0.0,,,0.0,
100,GM,X,X,0,X,,,,MOLMAS,1,1000,0,0,0,0,,,0.0,,,0.0,
100,GLM,X,X,3,X,,,,SURFAC,473168,201168,-6,0,0,0,,,0.0,,,0.0,
100,GLL,X,X,0,X,,,,VOLUME,3785344,1,-9,0,0,0,GLL,,0.0,,,0.0,
100,GLI,X,X,0,X,,,,DENSI,1,1,0,0,0,0,GL,,0.0,,,0.0,
100,GKG,X,X,0,,,,,MPROPO,1,1000,0,0,0,0,GK,,0.0,,,0.0,
100,GJT,X,X,0,,,,,SPENER,1000000,1,0,0,0,0,,,0.0,,,0.0,
100,GJK,X,X,0,X,,,,PRESS,1,1,9,0,0,0,,,0.0,,,0.0,
100,GJ,X,X,0,X,,,,ENERGY,1,1,9,0,0,0,GV,,0.0,,,0.0,
100,GHG,X,X,0,,,,,MPROPO,1,100,0,0,0,0,,,0.0,,,0.0,
100,GC,X,X,0,,,,,TEMP,1,1,0,273.15,0,0,CEL,X,0.0,,,0.0,
100,GBQ,X,X,0,X,,,,ACTVTY,1,1,9,0,0,0,GBQ,,0.0,,,0.0,
100,GAU,X,X,99,X,,,,AAAADL,1,1,0,0,0,0,,,0.0,,,0.0,
100,G/L,X,X,0,X,,,,AAAADL,1,1,0,0,0,0,,,0.0,,,0.0,
100,G,X,X,3,X,,,,MASS,1,1000,0,0,0,0,GRM,X,0.0,,,0.0,
100,BBL,X,X,3,X,,,,VOLUME,41225904,259303135,0,0,0,3,5A,,0.0,,,0.0,
100,BB6,X,X,3,X,,,,VOLUME,41225904,259303135,0,0,0,3,_22,,60.0,FAH,,0.0,
100,BAR,X,X,0,,,,,PRESS,100000,1,0,0,0,0,BAR,,0.0,,,0.0,
100,BAG,X,X,0,X,,,,AAAADL,1,1,0,0,0,0,BG,X,0.0,,,0.0,
100,B84,X,X,0,X,,,,ECURR,1,1,-6,0,0,0,B84,,0.0,,,0.0,
100,B78,X,X,0,X,,,,VOLTAG,1,1,6,0,0,0,B78,,0.0,,,0.0,
100,B75,X,X,0,X,,,,RESIST,1,1,6,0,0,0,B75,,0.0,,,0.0,
100,B73,X,X,0,X,,,,FORCE,1,1,6,0,0,0,B73,,0.0,,,0.0,
100,B47,X,X,0,X,,,,FORCE,1,1,3,0,0,0,B47,,0.0,,,0.0,
100,B45,X,X,0,X,,,,MOLQU,1,1,3,0,0,0,B45,,0.0,,,0.0,
100,B34,X,X,0,X,,,,DENSI,1,1,3,0,0,0,B34,,0.0,,,0.0,
100,ACR,X,X,0,X,,,,SURFAC,1210000,299,0,0,0,0,ACR,,0.0,,,0.0,
100,A93,X,X,0,X,,,,DENSI,1,1,-3,0,0,0,A93,,0.0,,,0.0,
100,A87,X,X,0,X,,,,RESIST,1,1,9,0,0,0,A87,,0.0,,,0.0,
100,A,X,X,0,,,,,ECURR,1,1,0,0,0,0,AMP,X,0.0,,,0.0,
100,4T,X,X,0,X,,,,CAPACI,1,1,-12,0,0,0,4T,,0.0,,,0.0,
100,4O,X,X,0,X,,,,CAPACI,1,1,-6,0,0,0,4O,,0.0,,,0.0,
100,4G,X,X,0,X,,,,VOLUME,1,1,-9,0,0,0,4G,,0.0,,,0.0,
100,2X,X,X,0,X,,,,SPEED,1,60,0,0,0,0,2X,,0.0,,,0.0,
100,2M,X,X,0,X,,,,SPEED,1,1,-2,0,0,0,2M,,0.0,,,0.0,
100,22S,X,X,0,,,,,VISKIN,1,1000000,0,0,0,0,,,0.0,,,0.0,
100,10,X,X,0,X,,,,TIME,86400,1,0,0,0,0,DAY,,0.0,,,0.0,
100,1,X,X,0,,,,,PROPOR,1,1,0,0,0,0,,,0.0,,,0.0,
100,%O,X,X,0,X,,,,PROPOR,1,1000,0,0,0,0,,,0.0,,,0.0,
100,%,X,X,3,X,,,,PROPOR,1,100,0,0,0,0,P1,,0.0,,,0.0,
100,CM2,X,X,3,X,,,,SURFAC,1,10000,0,0,0,0,CMK,,0.0,,,0.0,
100,CM,X,X,3,X,,,,LENGTH,1,100,0,0,0,0,CMT,X,0.0,,,0.0,
100,CDM,X,X,3,X,,,,VOLUME,1,1000,0,0,0,0,DMQ,X,0.0,,,0.0,
100,CD,X,X,0,,,,,LIGHT,1,1,0,0,0,0,CDL,X,0.0,,,0.0,
100,CCM,X,X,3,X,,,,VOLUME,1,1000000,0,0,0,0,CMQ,X,0.0,,,0.0,
100,CCK,X,X,0,X,,,,VOLWTF,1,1,0,0,0,0,CCK,,0.0,,,0.0,
100,C56,X,X,0,X,,,,PRESS,1,1,6,0,0,0,C56,,0.0,,,0.0,
100,C41,X,X,0,X,,,,CAPACI,1,1,-9,0,0,0,C41,,0.0,,,0.0,
100,C3S,X,X,0,X,,,,VOLFLO,1,1000000,0,0,0,0,2J,,0.0,,,0.0,
100,C39,X,X,0,X,,,,ECURR,1,1,-9,0,0,0,C39,,0.0,,,0.0,
100,C38,X,X,0,X,,,,ACBAC,1000,1,0,0,0,3,C38,,0.0,,,0.0,
100,C36,X,X,0,X,,,,ACBAC,1,1,0,0,0,3,C36,,0.0,,,0.0,
100,C10,X,X,0,X,,,,CAPACI,1,1,-3,0,0,0,C10,,0.0,,,0.0,
100,Bqm,X,X,0,X,,,,ACTCON,1,1,0,0,0,0,,,0.0,,,0.0,
100,BTU,X,X,0,,,,,ENERGY,1055056,1000,0,0,0,0,,,0.0,,,0.0,
100,BQK,X,X,0,,,,,SPARAD,1,1,0,0,0,0,A18,,0.0,,,0.0,
100,BQG,X,X,0,X,,,,SPARAD,1000,1,0,0,0,0,,,0.0,,,0.0,
100,BQ2,X,X,0,X,,,,SURCNT,10000,1,0,0,0,0,,,0.0,,,0.0,
100,BQ,X,X,0,,,,,ACTVTY,1,1,0,0,0,0,BQL,,0.0,,,0.0,
100,BOT,X,X,0,X,,,,AAAADL,1,1,0,0,0,0,BO,X,0.0,,,0.0,
100,BOE,X,X,0,X,,,,VOLUME,41225904,259303135,0,0,0,3,,,0.0,,,0.0,
100,BM2,X,X,0,X,,,,SURCNT,1,1,0,0,0,0,,,0.0,,,0.0,
100,IN,X,X,3,X,,,,LENGTH,127,5000,0,0,0,0,INH,X,0.0,,,0.0,
100,M3,X,X,3,X,,,,VOLUME,1,1,0,0,0,0,MTQ,X,0.0,,,0.0,
100,M2S,X,X,0,X,,,,VISKIN,1,1,0,0,0,0,S4,,0.0,,,0.0,
100,M2M,X,X,0,X,,,,SPSUVO,1,1,0,0,0,0,,,0.0,,,0.0,
100,M2K,X,X,0,X,,,,SPSUMA,1,1,0,0,0,0,D21,,0.0,,,0.0,
100,M2I,X,X,3,X,,,,SURINV,1,1,0,0,0,0,,,0.0,,,0.0,
100,M2G,X,X,0,X,,,,SPSUMA,1000,1,0,0,0,0,,,0.0,,,0.0,
100,M2C,X,X,0,X,,,,SPSUVO,1000000,1,0,0,0,0,,,0.0,,,0.0,
100,M2,X,X,3,X,,,,SURFAC,1,1,0,0,0,0,MTK,X,0.0,,,0.0,
100,M/S,X,X,0,X,,,,SPEED,1,1,0,0,0,0,MTS,X,0.0,,,0.0,
100,M%O,X,X,0,,,,,MPROPO,1,1000,0,0,0,0,,,0.0,,,0.0,
100,M%,X,X,0,,,,,MPROPO,1,100,0,0,0,0,,,0.0,,,0.0,
100,M,X,X,3,X,,,,LENGTH,1,1,0,0,0,0,MTR,X,0.0,,,0.0,
100,LPH,X,X,3,X,,,,VOLFLO,1,3600000,0,0,0,0,,,0.0,,,0.0,
100,LMS,X,X,0,X,,,,HYDROL,1,1,0,0,0,0,,,0.0,,,0.0,
100,LM,X,X,3,X,,,,AAAADL,1,1,0,0,0,3,,,0.0,,,0.0,
100,LHK,X,X,3,X,,,,SURFAC,1,1,-8,0,0,0,,,0.0,,,0.0,
100,LE,X,X,3,X,X,,,AAAADL,1,1,0,0,0,0,C62,,0.0,,,0.0,
100,LBm,X,X,0,,,,,MASFLO,453592,2592000,6,0,0,0,,,0.0,,,0.0,
100,LBJ,X,X,0,,,,,MASFLO,453592,31536000,6,0,0,0,,,0.0,,,0.0,
100,LB,X,X,0,X,,,,MASS,453592,1000000,0,0,0,0,LBR,,0.0,,,0.0,
100,L2,X,X,0,X,,,,VOLFLO,1,60000,0,0,0,0,L2,,0.0,,,0.0,
100,L,X,X,3,X,,,,VOLUME,1,1000,0,0,0,0,LTR,X,0.0,,,0.0,
100,MHZ,X,X,0,,,,,FREQU,1000000,1,0,0,0,0,MHZ,,0.0,,,0.0,
100,MGq,X,X,0,,,,,DENSI,1,10000000,0,0,0,0,,,0.0,,,0.0,
100,MGW,X,X,0,,,,,POWER,1000000,1,0,0,0,0,MAW,X,0.0,,,0.0,
100,MGT,X,X,0,,,,,MPROPO,1,1000,-6,0,0,0,,,0.0,,,0.0,
100,MGQ,X,X,0,X,,,,DENSI,1,1000000,0,0,0,0,GP,,0.0,,,0.0,
100,MGL,X,X,0,X,,,,DENSI,1,1000,0,0,0,0,M1,,0.0,,,0.0,
100,MGK,X,X,0,,,,,MPROPO,1,1000000,0,0,0,0,NA,,0.0,,,0.0,
100,MGJ,X,X,0,,,,,MAPER,1,1,-6,0,0,0,,,0.0,,,0.0,
100,MGG,X,X,0,,,,,MPROPO,1,1000,0,0,0,0,,,0.0,,,0.0,
100,MGF,X,X,0,,,,,MASSBD,1,100,0,0,0,0,,,0.0,,,0.0,
100,MG,X,X,3,X,,,,MASS,1,1000000,0,0,0,0,MGM,X,0.0,,,0.0,
100,MEJ,X,X,0,X,,,,ENERGY,1000000,1,0,0,0,0,3B,,0.0,,,0.0,
100,MBZ,X,X,0,,,,,STEXKZ,100000,1,0,0,0,0,,,0.0,,,0.0,
100,MBQ,X,X,0,X,,,,ACTVTY,1,1,6,0,0,0,4N,,0.0,,,0.0,
100,MBG,X,X,0,X,,,,SPARAD,1000,1,6,0,0,0,,,0.0,,,0.0,
100,MBA,X,X,0,,,,,PRESS,100,1,0,0,0,0,MBR,,0.0,,,0.0,
100,MB2,X,X,0,X,,,,SURCNT,10000,1,6,0,0,0,,,0.0,,,0.0,
100,MA,X,X,0,,,,,ECURR,1,1000,0,0,0,0,4K,,0.0,,,0.0,
100,M3S,X,X,0,X,,,,VOLFLO,1,1,0,0,0,0,MQS,X,0.0,,,0.0,
100,M3D,X,X,0,X,,,,VOLFLO,1,86400,0,0,0,0,,,0.0,,,0.0,
100,KGT,X,X,0,,,,,MPROPO,1,1000,0,0,0,0,,,0.0,,,0.0,
100,KGS,X,X,0,X,,,,MASFLO,1,1,0,0,0,0,KGS,X,0.0,,,0.0,
100,KGM,X,X,0,X,,,,MOLMAS,1,1,0,0,0,0,,,0.0,,,0.0,
100,KGK,X,X,0,,,,,MPROPO,1,1,0,0,0,0,,,0.0,,,0.0,
100,KGJ,X,X,0,X,,,,MAPER,1,1,-9,0,0,0,,,0.0,,,0.0,
100,KGH,X,X,0,,,,,MASFLO,1,3600,0,0,0,0,,,0.0,,,0.0,
100,KGF,X,X,0,,,,,MASSBD,1,1,0,0,0,0,28,,0.0,,,0.0,
100,KG,X,X,3,X,,,,MASS,1,1,0,0,0,0,KGM,X,0.0,,,0.0,
100,KBQ,X,X,0,X,,,,ACTVTY,1,1,3,0,0,0,2Q,,0.0,,,0.0,
100,KBK,X,X,0,,,,,SPARAD,1000,1,0,0,0,0,B25,,0.0,,,0.0,
100,KBG,X,X,0,X,,,,SPARAD,1000000,1,3,0,0,0,,,0.0,,,0.0,
100,KB2,X,X,0,X,,,,SURCNT,10000,1,3,0,0,0,,,0.0,,,0.0,
100,KAR,X,X,0,X,,,,AAAADL,1,1,0,0,0,0,CT,X,0.0,,,0.0,
100,KAN,X,X,0,X,,,,AAAADL,1,1,0,0,0,0,CA,X,0.0,,,0.0,
100,KA,X,X,0,,,,,ECURR,1000,1,0,0,0,0,B22,,0.0,,,0.0,
100,K,X,X,0,,,,,TEMP,1,1,0,0,0,0,KEL,X,0.0,,,0.0,
100,JMO,X,X,0,X,,,,MOENER,1,1,0,0,0,0,B15,,0.0,,,0.0,
100,JKK,X,X,0,X,,,,SPHCAP,1,1,0,0,0,0,B11,,0.0,,,0.0,
100,JKG,X,X,0,X,,,,SPENER,1,1,0,0,0,0,J2,,0.0,,,0.0,
100,JHR,X,X,0,X,,,,TIME,31536000,1,0,0,0,0,ANN,X,0.0,,,0.0,
100,J,X,X,0,,,,,ENERGY,1,1,0,0,0,0,JOU,X,0.0,,,0.0,
100,IN3,X,X,0,X,,,,VOLUME,16387,1,-9,0,0,0,INQ,,0.0,,,0.0,
100,IN2,X,X,0,X,,,,SURFAC,125,193752,0,0,0,0,INK,,0.0,,,0.0,
100,KWM,X,X,0,,,,,PRESS,3600,1,3,0,0,0,,,0.0,,,0.0,
100,KWK,X,X,0,X,,,,AAAADL,1,1,0,0,0,0,,,0.0,,,0.0,
100,KWH,X,X,99,,,,,ENERGY,3600,1,3,0,0,0,KWH,X,0.0,,,0.0,
100,KW,X,X,3,,,,,POWER,1000,1,0,0,0,0,KWT,X,0.0,,,0.0,
100,KVA,X,X,0,X,,,,POWER,1,1,3,0,0,0,KVA,,0.0,,,0.0,
100,KV,X,X,0,,,,,VOLTAG,1000,1,0,0,0,0,KVT,,0.0,,,0.0,
100,KT,X,X,0,X,,,,MASS,1000000,1,0,0,0,0,,,0.0,,,0.0,
100,KPA,X,X,0,X,,,,PRESS,1,1,3,0,0,0,KPA,,0.0,,,0.0,
100,KOH,X,X,0,,,,,RESIST,1000,1,0,0,0,0,B49,,0.0,,,0.0,
100,KMS,X,X,0,X,,,,TEMPRT,1,1,0,0,0,0,,,0.0,,,0.0,
100,KMN,X,X,0,X,,,,TEMPRT,1,60,0,0,0,0,,,0.0,,,0.0,
100,KMK,X,X,0,,,,,VPROPO,1,1,0,0,0,0,,,0.0,,,0.0,
100,KGV,X,X,0,X,,,,DENSI,1,1,0,0,0,0,KMQ,X,0.0,,,0.0,
100,KGW,X,X,0,X,,,,AAAADL,1,1,0,0,0,0,,,0.0,,,0.0,
100,KHZ,X,X,0,,,,,FREQU,1000,1,0,0,0,0,KHZ,,0.0,,,0.0,
100,KI,X,X,0,X,,,,AAAADL,1,1,0,0,0,0,CR,X,0.0,,,0.0,
100,KJ,X,X,0,,,,,ENERGY,1000,1,0,0,0,0,KJO,,0.0,,,0.0,
100,KJG,X,X,0,X,,,,SPENER,1000000,1,0,0,0,0,,,0.0,,,0.0,
100,KMH,X,X,0,X,,,,SPEED,10,36,0,0,0,0,KMH,,0.0,,,0.0,
100,KM2,X,X,0,X,,,,SURFAC,1000000,1,0,0,0,0,KMK,,0.0,,,0.0,
100,KM,X,X,0,X,,,,LENGTH,1000,1,0,0,0,0,KMT,X,0.0,,,0.0,
100,KJK,X,X,0,X,,,,SPENER,1000,1,0,0,0,0,B42,,0.0,,,0.0,
100,KJM,X,X,0,X,,,,MOENER,1000,1,0,0,0,0,B44,,0.0,,,0.0,
100,EXR,X,X,8,,,,,AAAADL,1,1,0,0,0,8,,,0.0,,,0.0,
100,EPL,X,X,3,X,,,,AAAADL,1,1,0,0,0,0,OH,X,0.0,,,0.0,
100,LDM,X,X,3,X,,,,AAAADL,1,1,0,0,0,0,,,0.0,,,0.0,
100,MLL,X,X,3,,,,,VOLUME,1000,1,0,0,0,0,,,0.0,,,0.0,
000,10,X,X,0,X,,,,TIME,86400,1,0,0,0,0,,,0.0,,,0.0,
000,11,X,X,0,,,,,TIME,604800,1,0,0,0,0,,,0.0,,,0.0,
000,12,X,X,0,,,,,TIME,2592000,1,0,0,0,0,,,0.0,,,0.0,
000,13,X,X,4,,,,,TIME,31536000,1,0,0,0,5,,,0.0,,,0.0,
000,14,X,X,0,,,,,TIME,604800,1,0,0,0,0,,,0.0,,,0.0,
000,15,X,X,0,,,,,TIME,315360000,1,0,0,0,0,,,0.0,,,0.0,
000,2P,X,X,0,X,,,,DIGINF,1000,1,0,0,0,0,2P,X,0.0,,,0.0,
000,4L,X,X,0,X,,,,DIGINF,1,1,6,0,0,0,4L,X,0.0,,,0.0,
000,AD,X,X,0,X,,,,DIGINF,1,1,0,0,0,0,AD,X,0.0,,,0.0,
000,BB6,X,X,3,X,,,,VOLUME,41225904,259303135,0,0,0,3,,,60.0,FAH,,0.0,
000,Bqm,X,X,0,X,,,,ACTCON,1,1,0,0,0,0,A19,,0.0,,,0.0,
000,E34,X,X,0,X,,,,DIGINF,1,1,9,0,0,0,E34,X,0.0,,,0.0,
000,E35,X,X,0,X,,,,DIGINF,1,1,12,0,0,0,E35,X,0.0,,,0.0,
000,E36,X,X,0,X,,,,DIGINF,1,1,15,0,0,0,E36,X,0.0,,,0.0,
000,E59,X,X,0,X,,,,DIGINF,124917013,1083482375,19,0,0,0,E59,X,0.0,,,0.0,
000,E60,X,X,0,X,,,,DIGINF,124917013,1109485952,16,0,0,0,E60,X,0.0,,,0.0,
000,E61,X,X,0,X,,,,DIGINF,134217728,1220703125,13,0,0,0,E61,X,0.0,,,0.0,
000,E62,X,X,0,X,,,,DIGINF,1073741824,1,0,0,0,0,E62,X,0.0,,,0.0,
000,E63,X,X,0,X,,,,DIGINF,1048576,1,0,0,0,0,E63,X,0.0,,,0.0,
000,E64,X,X,0,X,,,,DIGINF,1024,1,0,0,0,0,E64,X,0.0,,,0.0,
000,FT3,X,X,0,X,,,,VOLUME,28316847,1,-9,0,0,0,FTQ,,0.0,,,0.0,
000,GLL,X,X,0,X,,,,VOLUME,3785412,1,-9,0,0,0,GLL,,0.0,,,0.0,
000,GM,X,X,0,X,,,,MOLMAS,1,1000,0,0,0,0,A94,,0.0,,,0.0,
000,H,X,X,3,X,,,,TIME,3600,1,0,0,0,0,,,0.0,,,0.0,
000,IN3,X,X,0,X,,,,VOLUME,16387064,1,-12,0,0,0,INQ,,0.0,,,0.0,
000,K3,X,X,99,X,,,,ENERGY,3600,1,3,0,0,0,K3,X,0.0,,,0.0,
000,KGM,X,X,0,X,,,,MOLMAS,1,1,0,0,0,0,D74,,0.0,,,0.0,
000,KMN,X,X,0,X,,,,TEMPRT,1,60,0,0,0,0,F11,,0.0,,,0.0,
000,KMS,X,X,0,X,,,,TEMPRT,1,1,0,0,0,0,F12,,0.0,,,0.0,
000,KWH,X,X,99,X,,,,ENERGY,3600,1,3,0,0,0,KWH,X,0.0,,,0.0,
000,M2I,X,X,3,X,,,,SURINV,1,1,0,0,0,0,C93,,0.0,,,0.0,
000,MMA,X,X,0,,,,,SPEED,1,31536,-6,0,0,0,H66,,0.0,,,0.0,
000,MMG,X,X,0,,,,,SPAEQU,1,1,0,0,0,0,H68,,0.0,,,0.0,
000,MMH,X,X,0,,,,,SPEED,1,3600000,0,0,0,0,H67,,0.0,,,0.0,
000,MSH,X,X,0,X,,,,DOSRAT,1,3600,-3,0,0,0,P71,,0.0,,,0.0,
000,MTS,X,X,0,X,,,,SPEED,1,3600,0,0,0,0,M60,,0.0,,,0.0,
000,NMO,X,X,0,X,,,,ACBAC,1,1,-6,0,0,0,,,0.0,,,0.0,
000,OZA,X,X,0,X,,,,VOLUME,29573530,1,-12,0,0,0,OZA,X,0.0,,,0.0,
000,PMI,X,X,0,X,,,,FREQU,1,60,0,0,0,0,C94,,0.0,,,0.0,
000,PS,X,X,0,X,,,,TIME,1,1,-12,0,0,0,H70,,0.0,,,0.0,
000,PT,X,X,0,X,,,,VOLUME,473176,1,-9,0,0,0,PT,,0.0,,,0.0,
000,QT,X,X,0,X,,,,VOLUME,946352950,1,-12,0,0,0,QT,,0.0,,,0.0,
000,SVH,X,X,0,X,,,,DOSRAT,1,3600,0,0,0,0,P70,,0.0,,,0.0,
000,SVS,X,X,0,X,,,,DOSRAT,1,1,0,0,0,0,P65,,0.0,,,0.0,
000,UG6,X,X,3,X,,,,VOLUME,3725953,984292651,0,0,0,3,,,60.0,FAH,,0.0,
000,UM1,X,X,0,X,,,,ACBAC,1,1,-3,0,0,0,,,0.0,,,0.0,
000,USH,X,X,0,X,,,,DOSRAT,1,3600,-6,0,0,0,P72,,0.0,,,0.0,
000,V01,X,X,0,X,,,,CONDUC,1,1,-4,0,0,3,G42,,0.0,,,0.0,
000,V02,X,X,0,X,,,,ACBAC,1,1,0,0,0,3,M33,,0.0,,,0.0,
000,YD3,X,X,0,X,,,,VOLUME,764554858,1,-9,0,0,0,YDQ,,0.0,,,0.0,
000,kmt,X,X,0,X,,,,LINDEN,1,1,0,0,0,0,KL,,0.0,,,0.0,
400,%O,X,X,0,X,,,,PROPOR,1,1000,0,0,0,0,,,0.0,,,0.0,
400,1,X,X,0,,,,,PROPOR,1,1,0,0,0,0,,,0.0,,,0.0,
400,10,X,X,0,X,,,,TIME,86400,1,0,0,0,0,,,0.0,,,0.0,
400,22S,X,X,0,,,,,VISKIN,1,1000000,0,0,0,0,,,0.0,,,0.0,
400,2M,X,X,0,X,,,,SPEED,1,1,-2,0,0,0,2M,,0.0,,,0.0,
400,2X,X,X,0,X,,,,SPEED,1,60,0,0,0,0,2X,,0.0,,,0.0,
400,4G,X,X,0,X,,,,VOLUME,1,1,-9,0,0,0,4G,,0.0,,,0.0,
400,4O,X,X,0,X,,,,CAPACI,1,1,-6,0,0,0,4O,,0.0,,,0.0,
400,4T,X,X,0,X,,,,CAPACI,1,1,-12,0,0,0,4T,,0.0,,,0.0,
400,A,X,X,0,,,,,ECURR,1,1,0,0,0,0,AMP,X,0.0,,,0.0,
400,A87,X,X,0,X,,,,RESIST,1,1,9,0,0,0,A87,,0.0,,,0.0,
400,A93,X,X,0,X,,,,DENSI,1,1,-3,0,0,0,A93,,0.0,,,0.0,
400,ACR,X,X,0,X,,,,SURFAC,1210000,299,0,0,0,0,ACR,,0.0,,,0.0,
400,B34,X,X,0,X,,,,DENSI,1,1,3,0,0,0,B34,,0.0,,,0.0,
400,B45,X,X,0,X,,,,MOLQU,1,1,3,0,0,0,B45,,0.0,,,0.0,
400,B47,X,X,0,X,,,,FORCE,1,1,3,0,0,0,B47,,0.0,,,0.0,
400,B73,X,X,0,X,,,,FORCE,1,1,6,0,0,0,B73,,0.0,,,0.0,
400,B75,X,X,0,X,,,,RESIST,1,1,6,0,0,0,B75,,0.0,,,0.0,
400,B78,X,X,0,X,,,,VOLTAG,1,1,6,0,0,0,B78,,0.0,,,0.0,
400,B84,X,X,0,X,,,,ECURR,1,1,-6,0,0,0,B84,,0.0,,,0.0,
400,BAG,X,X,0,X,,,,AAAADL,1,1,0,0,0,0,BG,X,0.0,,,0.0,
400,BAR,X,X,0,,,,,PRESS,100000,1,0,0,0,0,BAR,,0.0,,,0.0,
400,BBL,X,X,3,X,,,,VOLUME,41225904,259303135,0,0,0,3,5A,,0.0,,,0.0,
400,BC1,X,X,0,X,,,,HVALUE,372589413,10000,0,0,0,3,,,60.0,FAH,,15.025,PSI
400,BC2,X,X,0,X,,,,HVALUE,372589413,10000,0,0,0,3,,,60.0,FAH,,14.73,PSI
400,BC3,X,X,0,X,,,,HVALUE,372589413,10000,0,0,0,3,,,60.0,FAH,,14.65,PSI
400,BM2,X,X,0,X,,,,SURCNT,1,1,0,0,0,0,,,0.0,,,0.0,
400,BOE,X,X,0,X,,,,VOLUME,41225904,259303135,0,0,0,3,,,0.0,,,0.0,
400,BOT,X,X,0,X,,,,AAAADL,1,1,0,0,0,0,BO,X,0.0,,,0.0,
400,BQ,X,X,0,,,,,ACTVTY,1,1,0,0,0,0,BQL,,0.0,,,0.0,
400,BQ2,X,X,0,X,,,,SURCNT,10000,1,0,0,0,0,,,0.0,,,0.0,
400,BQG,X,X,0,X,,,,SPARAD,1000,1,0,0,0,0,,,0.0,,,0.0,
400,BQK,X,X,0,,,,,SPARAD,1,1,0,0,0,0,A18,,0.0,,,0.0,
400,BTU,X,X,0,,,,,ENERGY,1055056,1000,0,0,0,0,,,0.0,,,0.0,
400,Bqm,X,X,0,X,,,,ACTCON,1,1,0,0,0,0,A19,,0.0,,,0.0,
400,C10,X,X,0,X,,,,CAPACI,1,1,-3,0,0,0,C10,,0.0,,,0.0,
400,C36,X,X,0,X,,,,ACBAC,1,1,0,0,0,3,C36,,0.0,,,0.0,
400,C38,X,X,0,X,,,,ACBAC,1000,1,0,0,0,3,C38,,0.0,,,0.0,
400,C39,X,X,0,X,,,,ECURR,1,1,-9,0,0,0,C39,,0.0,,,0.0,
400,C3S,X,X,0,X,,,,VOLFLO,1,1000000,0,0,0,0,2J,,0.0,,,0.0,
400,C41,X,X,0,X,,,,CAPACI,1,1,-9,0,0,0,C41,,0.0,,,0.0,
400,C56,X,X,0,X,,,,PRESS,1,1,6,0,0,0,C56,,0.0,,,0.0,
400,CCK,X,X,0,X,,,,VOLWTF,1,1,0,0,0,0,CCK,,0.0,,,0.0,
400,CCM,X,X,3,X,,,,VOLUME,1,1000000,0,0,0,0,CMQ,X,0.0,,,0.0,
400,CD,X,X,0,,,,,LIGHT,1,1,0,0,0,0,CDL,X,0.0,,,0.0,
400,CDM,X,X,3,X,,,,VOLUME,1,1000,0,0,0,0,DMQ,X,0.0,,,0.0,
400,CM,X,X,3,X,,,,LENGTH,1,100,0,0,0,0,CMT,X,0.0,,,0.0,
400,CM2,X,X,3,X,,,,SURFAC,1,10000,0,0,0,0,CMK,,0.0,,,0.0,
400,CMH,X,X,0,,,,,SPEED,1,360000,0,0,0,0,,,0.0,,,0.0,
400,COP,X,X,0,X,,,,AAAADL,1,1,0,0,0,0,,,0.0,,,0.0,
400,CS,X,X,0,X,,,,AAAADL,1,1,0,0,0,0,CS,X,0.0,,,0.0,
400,CTL,X,X,0,X,,,,VOLUME,1,100000,0,0,0,0,CLT,,0.0,,,0.0,
400,D10,X,X,0,X,,,,CONDUC,1,1,0,0,0,3,D10,,0.0,,,0.0,
400,D41,X,X,0,X,,,,DENSI,1,1,3,0,0,0,D41,,0.0,,,0.0,
400,D46,X,X,0,X,,,,POWER,1,1,0,0,0,0,D46,,0.0,,,0.0,
400,D95,X,X,0,X,,,,SPENER,1,1,3,0,0,0,D95,,0.0,,,0.0,
400,DBA,X,X,0,X,,,,SNDPLV,1,1,0,0,0,1,,,0.0,,,0.0,
400,DBC,X,X,0,X,,,,SNDPLV,1,1,0,0,0,1,,,0.0,,,0.0,
400,DEG,X,X,99,X,,,,AAAADL,1,1,0,0,0,1,DD,,0.0,,,0.0,
400,DGP,X,X,2,X,,,,AAAADL,1,1,0,0,0,2,,,0.0,,,0.0,
400,DM,X,X,3,X,,X,,LENGTH,1,10,0,0,0,0,DMT,X,0.0,,,0.0,
400,DR,X,X,0,X,,,,AAAADL,1,1,0,0,0,0,DR,X,0.0,,,0.0,
400,DZ,X,X,0,X,,,,AAAADL,1,1,0,0,0,0,DZN,X,0.0,,,0.0,
400,EA,X,X,0,X,,,,AAAADL,1,1,0,0,0,0,EA,,0.0,,,0.0,
400,EE,X,X,0,X,,,,AAAADL,1,1,0,0,0,0,,,0.0,,,0.0,
400,EML,X,X,0,X,,,,AAAADL,1,1,0,0,0,0,,,0.0,,,0.0,
400,EXR,X,X,8,,,,,AAAADL,1,1,0,0,0,8,,,0.0,,,0.0,
400,F,X,X,0,,,,,CAPACI,1,1,0,0,0,0,FAR,,0.0,,,0.0,
400,FA,X,X,0,,,,,TEMP,5,9,0,255.372222,0,0,FAH,X,0.0,,,0.0,
400,FAH,X,X,2,X,,,,TEMP,5,9,0,255.372222,0,2,,,0.0,,,0.0,
400,FT,X,X,0,X,,,,LENGTH,381,1250,0,0,0,0,FOT,,0.0,,,0.0,
400,FT2,X,X,0,X,,,,SURFAC,250,2691,0,0,0,0,FTK,,0.0,,,0.0,
400,FT3,X,X,0,X,,,,VOLUME,28316847,1,-9,0,0,0,FTQ,,0.0,,,0.0,
400,G,X,X,3,X,,,,MASS,1,1000,0,0,0,0,GRM,X,0.0,,,0.0,
400,G/L,X,X,0,X,,,,AAAADL,1,1,0,0,0,0,,,0.0,,,0.0,
400,GAU,X,X,99,X,,,,AAAADL,1,1,0,0,0,0,,,0.0,,,0.0,
400,GBQ,X,X,0,X,,,,ACTVTY,1,1,9,0,0,0,GBQ,,0.0,,,0.0,
400,GC,X,X,0,,,,,TEMP,1,1,0,273.15,0,0,CEL,X,0.0,,,0.0,
400,GHG,X,X,0,,,,,MPROPO,1,100,0,0,0,0,,,0.0,,,0.0,
400,GJ,X,X,0,X,,,,ENERGY,1,1,9,0,0,0,GV,,0.0,,,0.0,
400,GJK,X,X,0,X,,,,PRESS,1,1,9,0,0,0,,,0.0,,,0.0,
400,GJT,X,X,0,,,,,SPENER,1000000,1,0,0,0,0,,,0.0,,,0.0,
400,GKG,X,X,0,,,,,MPROPO,1,1000,0,0,0,0,GK,,0.0,,,0.0,
400,GLI,X,X,0,X,,,,DENSI,1,1,0,0,0,0,GL,,0.0,,,0.0,
400,GLL,X,X,0,X,,,,VOLUME,3785412,1,-9,0,0,0,GLL,,0.0,,,0.0,
400,GLM,X,X,3,X,,,,SURFAC,473168,201168,-6,0,0,0,,,0.0,,,0.0,
400,GM,X,X,0,X,,,,MOLMAS,1,1000,0,0,0,0,A94,,0.0,,,0.0,
400,GM2,X,X,0,X,,,,MASSBD,1,1000,0,0,0,0,GM,,0.0,,,0.0,
400,GPH,X,X,3,X,,,,VOLFLO,3785344,3600,-9,0,0,0,,,0.0,,,0.0,
400,GQ,X,X,0,X,,,,DENSI,1,1,-9,0,0,0,GQ,,0.0,,,0.0,
400,GRO,X,X,0,X,,,,AAAADL,1,1,0,0,0,0,GRO,X,0.0,,,0.0,
400,GT,X,X,0,,,,,MPROPO,1,1000,-3,0,0,0,,,0.0,,,0.0,
400,GW,X,X,0,X,,,,AAAADL,1,1,0,0,0,0,,,0.0,,,0.0,
400,H,X,X,3,X,,,,TIME,3600,1,0,0,0,0,,,0.0,,,0.0,
400,HAR,X,X,0,X,,,,SURFAC,10000,1,0,0,0,0,HAR,,0.0,,,0.0,
400,HL,X,X,3,X,,,,VOLUME,1,10,0,0,0,0,HLT,X,0.0,,,0.0,
400,HPA,X,X,0,,,,,PRESS,100,1,0,0,0,0,A97,,0.0,,,0.0,
400,HZ,X,X,0,,,,,FREQU,1,1,0,0,0,0,HTZ,X,0.0,,,0.0,
400,IN,X,X,3,X,,,,LENGTH,127,5000,0,0,0,0,INH,X,0.0,,,0.0,
400,IN2,X,X,0,X,,,,SURFAC,125,193752,0,0,0,0,INK,,0.0,,,0.0,
400,IN3,X,X,0,X,,,,VOLUME,16387064,1,-12,0,0,0,INQ,,0.0,,,0.0,
400,J,X,X,0,,,,,ENERGY,1,1,0,0,0,0,JOU,X,0.0,,,0.0,
400,JHR,X,X,0,X,,,,TIME,31536000,1,0,0,0,0,ANN,X,0.0,,,0.0,
400,JKG,X,X,0,X,,,,SPENER,1,1,0,0,0,0,J2,,0.0,,,0.0,
400,JKK,X,X,0,X,,,,SPHCAP,1,1,0,0,0,0,B11,,0.0,,,0.0,
400,JM3,X,X,0,X,,,,HVALUE,1,1,0,0,0,0,,,0.0,,,0.0,
400,JMO,X,X,0,X,,,,MOENER,1,1,0,0,0,0,B15,,0.0,,,0.0,
400,K,X,X,0,,,,,TEMP,1,1,0,0,0,0,KEL,X,0.0,,,0.0,
400,KA,X,X,0,,,,,ECURR,1000,1,0,0,0,0,B22,,0.0,,,0.0,
400,KAN,X,X,0,X,,,,AAAADL,1,1,0,0,0,0,CA,X,0.0,,,0.0,
400,KAR,X,X,0,X,,,,AAAADL,1,1,0,0,0,0,CT,X,0.0,,,0.0,
400,KB2,X,X,0,X,,,,SURCNT,10000,1,3,0,0,0,,,0.0,,,0.0,
400,KBG,X,X,0,X,,,,SPARAD,1000000,1,3,0,0,0,,,0.0,,,0.0,
400,KBK,X,X,0,,,,,SPARAD,1000,1,0,0,0,0,B25,,0.0,,,0.0,
400,KBQ,X,X,0,X,,,,ACTVTY,1,1,3,0,0,0,2Q,,0.0,,,0.0,
400,KEL,X,X,0,X,,,,MAPER,277778,1,-12,0,0,0,,,0.0,,,0.0,
400,KG,X,X,3,X,,,,MASS,1,1,0,0,0,0,KGM,X,0.0,,,0.0,
400,KGF,X,X,0,,,,,MASSBD,1,1,0,0,0,0,28,,0.0,,,0.0,
400,KGH,X,X,0,,,,,MASFLO,1,3600,0,0,0,0,,,0.0,,,0.0,
400,KGJ,X,X,0,X,,,,MAPER,1,1,-9,0,0,0,,,0.0,,,0.0,
400,KGK,X,X,0,,,,,MPROPO,1,1,0,0,0,0,,,0.0,,,0.0,
400,KGM,X,X,0,X,,,,MOLMAS,1,1,0,0,0,0,D74,,0.0,,,0.0,
400,KGS,X,X,0,X,,,,MASFLO,1,1,0,0,0,0,KGS,X,0.0,,,0.0,
400,KGT,X,X,0,,,,,MPROPO,1,1000,0,0,0,0,,,0.0,,,0.0,
400,KGV,X,X,0,X,,,,DENSI,1,1,0,0,0,0,KMQ,X,0.0,,,0.0,
400,KGW,X,X,0,X,,,,AAAADL,1,1,0,0,0,0,,,0.0,,,0.0,
400,KHZ,X,X,0,,,,,FREQU,1000,1,0,0,0,0,KHZ,,0.0,,,0.0,
400,KI,X,X,0,X,,,,AAAADL,1,1,0,0,0,0,CR,X,0.0,,,0.0,
400,KJ,X,X,0,,,,,ENERGY,1000,1,0,0,0,0,KJO,,0.0,,,0.0,
400,KJG,X,X,0,X,,,,SPENER,1000000,1,0,0,0,0,,,0.0,,,0.0,
400,KJK,X,X,0,X,,,,SPENER,1000,1,0,0,0,0,B42,,0.0,,,0.0,
400,KJM,X,X,0,X,,,,MOENER,1000,1,0,0,0,0,B44,,0.0,,,0.0,
400,KKW,X,X,0,X,,,,MAPER,277778,1,-15,0,0,0,,,0.0,,,0.0,
400,KM,X,X,0,X,,,,LENGTH,1000,1,0,0,0,0,KMT,X,0.0,,,0.0,
400,KM2,X,X,0,X,,,,SURFAC,1000000,1,0,0,0,0,KMK,,0.0,,,0.0,
400,KMH,X,X,0,X,,,,SPEED,10,36,0,0,0,0,KMH,,0.0,,,0.0,
400,KMI,X,X,0,X,,,,MASFLO,1,60,0,0,0,0,,,0.0,,,0.0,
400,KMK,X,X,0,,,,,VPROPO,1,1,0,0,0,0,,,0.0,,,0.0,
400,KMN,X,X,0,X,,,,TEMPRT,1,60,0,0,0,0,F11,,0.0,,,0.0,
400,KMS,X,X,0,X,,,,TEMPRT,1,1,0,0,0,0,F12,,0.0,,,0.0,
400,KOH,X,X,0,,,,,RESIST,1000,1,0,0,0,0,B49,,0.0,,,0.0,
400,KPA,X,X,0,X,,,,PRESS,1,1,3,0,0,0,KPA,,0.0,,,0.0,
400,KT,X,X,0,X,,,,MASS,1000000,1,0,0,0,0,,,0.0,,,0.0,
400,KV,X,X,0,,,,,VOLTAG,1000,1,0,0,0,0,KVT,,0.0,,,0.0,
400,KVA,X,X,0,X,,,,POWER,1,1,3,0,0,0,KVA,,0.0,,,0.0,
400,KW,X,X,3,,,,,POWER,1000,1,0,0,0,0,KWT,X,0.0,,,0.0,
400,KWH,X,X,99,X,,,,ENERGY,3600,1,3,0,0,0,KWH,X,0.0,,,0.0,
400,KWK,X,X,0,X,,,,AAAADL,1,1,0,0,0,0,,,0.0,,,0.0,
400,KWM,X,X,0,,,,,PRESS,3600,1,3,0,0,0,,,0.0,,,0.0,
400,Kcl,X,X,0,,,,,ENERGY,41868,10,0,0,0,0,E14,,0.0,,,0.0,
400,L,X,X,3,X,,,,VOLUME,1,1000,0,0,0,0,LTR,X,0.0,,,0.0,
400,L2,X,X,0,X,,,,VOLFLO,1,60000,0,0,0,0,L2,,0.0,,,0.0,
400,LA,X,X,0,X,,,,AAAADL,1,1,0,0,0,0,,,0.0,,,0.0,
400,LB,X,X,0,X,,,,MASS,453592,1000000,0,0,0,0,LBR,,0.0,,,0.0,
400,LBJ,X,X,0,,,,,MASFLO,453592,31536000,6,0,0,0,,,0.0,,,0.0,
400,LBm,X,X,0,,,,,MASFLO,453592,2592000,6,0,0,0,,,0.0,,,0.0,
400,LE,X,X,3,X,X,,,AAAADL,1,1,0,0,0,0,C62,,0.0,,,0.0,
400,LHK,X,X,3,X,,,,SURFAC,1,1,-8,0,0,0,,,0.0,,,0.0,
400,LM,X,X,3,X,,,,AAAADL,1,1,0,0,0,3,,,0.0,,,0.0,
400,LMH,X,X,0,X,,,,MAPER,125998,1,-15,0,0,0,,,0.0,,,0.0,
400,LMS,X,X,0,X,,,,HYDROL,1,1,0,0,0,0,,,0.0,,,0.0,
400,LPH,X,X,3,X,,,,VOLFLO,1,3600000,0,0,0,0,,,0.0,,,0.0,
400,M,X,X,3,X,,,,LENGTH,1,1,0,0,0,0,MTR,X,0.0,,,0.0,
400,M%,X,X,0,,,,,MPROPO,1,100,0,0,0,0,,,0.0,,,0.0,
400,M%O,X,X,0,,,,,MPROPO,1,1000,0,0,0,0,,,0.0,,,0.0,
400,M/S,X,X,0,X,,,,SPEED,1,1,0,0,0,0,MTS,X,0.0,,,0.0,
400,M2,X,X,3,X,,,,SURFAC,1,1,0,0,0,0,MTK,X,0.0,,,0.0,
400,M2C,X,X,0,X,,,,SPSUVO,1000000,1,0,0,0,0,,,0.0,,,0.0,
400,M2G,X,X,0,X,,,,SPSUMA,1000,1,0,0,0,0,,,0.0,,,0.0,
400,M2I,X,X,3,X,,,,SURINV,1,1,0,0,0,0,C93,,0.0,,,0.0,
400,M2K,X,X,0,X,,,,SPSUMA,1,1,0,0,0,0,D21,,0.0,,,0.0,
400,M2M,X,X,0,X,,,,SPSUVO,1,1,0,0,0,0,,,0.0,,,0.0,
400,M2S,X,X,0,X,,,,VISKIN,1,1,0,0,0,0,S4,,0.0,,,0.0,
400,M3,X,X,3,X,,,,VOLUME,1,1,0,0,0,0,MTQ,X,0.0,,,0.0,
400,M3D,X,X,0,X,,,,VOLFLO,1,86400,0,0,0,0,,,0.0,,,0.0,
400,M3S,X,X,0,X,,,,VOLFLO,1,1,0,0,0,0,MQS,X,0.0,,,0.0,
400,MA,X,X,0,,,,,ECURR,1,1000,0,0,0,0,4K,,0.0,,,0.0,
400,MB2,X,X,0,X,,,,SURCNT,10000,1,6,0,0,0,,,0.0,,,0.0,
400,MBA,X,X,0,,,,,PRESS,100,1,0,0,0,0,MBR,,0.0,,,0.0,
400,MBD,X,X,0,X,,,,ENERGY,105505585,1,1,0,0,3,,,0.0,,,0.0,
400,MBG,X,X,0,X,,,,SPARAD,1000,1,6,0,0,0,,,0.0,,,0.0,
400,MBQ,X,X,0,X,,,,ACTVTY,1,1,6,0,0,0,4N,,0.0,,,0.0,
400,MBZ,X,X,0,,,,,STEXKZ,100000,1,0,0,0,0,,,0.0,,,0.0,
400,MC1,X,X,0,X,,,,VOLUME,566337,20000,0,0,0,3,,,60.0,FAH,,15.025,PSI
400,MC2,X,X,0,X,,,,VOLUME,566337,20000,0,0,0,0,,,60.0,FAH,,14.73,PSI
400,MC3,X,X,0,X,,,,VOLUME,566337,20000,0,0,0,3,,,60.0,FAH,,14.65,PSI
400,MCF,X,X,0,X,,,,VOLUME,566337,20000,0,0,0,3,,,0.0,,,0.0,
400,MEJ,X,X,0,X,,,,ENERGY,1000000,1,0,0,0,0,3B,,0.0,,,0.0,
400,MG,X,X,3,X,,,,MASS,1,1000000,0,0,0,0,MGM,X,0.0,,,0.0,
400,MGF,X,X,0,,,,,MASSBD,1,100,0,0,0,0,,,0.0,,,0.0,
400,MGG,X,X,0,,,,,MPROPO,1,1000,0,0,0,0,,,0.0,,,0.0,
400,MGJ,X,X,0,,,,,MAPER,1,1,-6,0,0,0,,,0.0,,,0.0,
400,MGK,X,X,0,,,,,MPROPO,1,1000000,0,0,0,0,NA,,0.0,,,0.0,
400,MGL,X,X,0,X,,,,DENSI,1,1000,0,0,0,0,M1,,0.0,,,0.0,
400,MGQ,X,X,0,X,,,,DENSI,1,1000000,0,0,0,0,GP,,0.0,,,0.0,
400,MGT,X,X,0,,,,,MPROPO,1,1000,-6,0,0,0,,,0.0,,,0.0,
400,MGW,X,X,0,,,,,POWER,1000000,1,0,0,0,0,MAW,X,0.0,,,0.0,
400,MGq,X,X,0,,,,,DENSI,1,10000000,0,0,0,0,,,0.0,,,0.0,
400,MHZ,X,X,0,,,,,FREQU,1000000,1,0,0,0,0,MHZ,,0.0,,,0.0,
400,MI,X,X,3,X,,,,LENGTH,201168,125,0,0,0,0,SMI,,0.0,,,0.0,
400,MI2,X,X,0,X,,,,SURFAC,774400000,299,0,0,0,0,MIK,,0.0,,,0.0,
400,MIL,X,X,0,X,,,,LENGTH,127,5,-6,0,0,0,77,,0.0,,,0.0,
400,MIM,X,X,3,X,,,,LENGTH,1,1000000,0,0,0,0,4H,,0.0,,,0.0,
400,MIN,X,X,3,X,,,,TIME,60,1,0,0,0,0,MIN,X,0.0,,,0.0,
400,MIS,X,X,0,X,,,,TIME,1,1000000,0,0,0,0,B98,,0.0,,,0.0,
400,MJ,X,X,0,,,,,ENERGY,1,1000,0,0,0,0,C15,,0.0,,,0.0,
400,MJK,X,X,0,,,,,SPENER,1000000,1,0,0,0,0,,,0.0,,,0.0,
400,ML,X,X,3,X,,,,VOLUME,1,1000000,0,0,0,0,MLT,X,0.0,,,0.0,
400,MLK,X,X,0,,,,,VPROPO,1,1,-6,0,0,0,,,0.0,,,0.0,
400,MLR,X,X,3,,,,,VOLUME,1000,1,0,0,0,0,,,0.0,,,0.0,
400,MLW,X,X,0,X,,,,AAAADL,1,1,0,0,0,0,,,0.0,,,0.0,
400,MM,X,X,3,X,,,,LENGTH,1,1000,0,0,0,0,MMT,X,0.0,,,0.0,
400,MM2,X,X,3,X,,,,SURFAC,1,1000000,0,0,0,0,MMK,,0.0,,,0.0,
400,MMA,X,X,0,,,,,SPEED,1,31536,-6,0,0,0,H66,,0.0,,,0.0,
400,MMG,X,X,0,,,,,SPAEQU,1,1,0,0,0,0,H68,,0.0,,,0.0,
400,MMH,X,X,0,,,,,SPEED,1,3600000,0,0,0,0,H67,,0.0,,,0.0,
400,MMK,X,X,0,,,,,SPAEQU,1,1000,0,0,0,0,D87,,0.0,,,0.0,
400,MMO,X,X,0,,,,,MOLQU,1,1000,0,0,0,0,C18,,0.0,,,0.0,
400,MMQ,X,X,0,X,,,,VOLUME,1,1,-9,0,0,0,MMQ,,0.0,,,0.0,
400,MMS,X,X,0,,,,,SPEED,1,1000,0,0,0,0,C16,,0.0,,,0.0,
400,MNM,X,X,0,X,,,,SURFTE,1,1000,0,0,0,0,C22,,0.0,,,0.0,
400,MOK,X,X,0,,,,,SPAEQU,1,1,0,0,0,0,C19,,0.0,,,0.0,
400,MOL,X,X,0,,,,,MOLQU,1,1,0,0,0,0,C34,,0.0,,,0.0,
400,MON,X,X,0,X,,,,TIME,2592000,1,0,0,0,0,MON,X,0.0,,,0.0,
400,MPA,X,X,0,,,,,PRESS,1000000,1,0,0,0,0,MPA,,0.0,,,0.0,
400,MPB,X,X,0,,,,,MPROPO,1,1,-9,0,0,0,,,0.0,,,0.0,
400,MPG,X,X,3,X,,,,SURINV,201168,473168,6,0,0,0,,,0.0,,,0.0,
400,MPM,X,X,0,,,,,MPROPO,1,1,-6,0,0,0,,,0.0,,,0.0,
400,MPS,X,X,0,X,,,,VISDYN,1,1000,0,0,0,0,C24,,0.0,,,0.0,
400,MPT,X,X,0,,,,,MPROPO,1,1,-12,0,0,0,,,0.0,,,0.0,
400,MPZ,X,X,0,,,,,STEXKZ,1,1,0,0,0,0,,,0.0,,,0.0,
400,MQH,X,X,0,X,,,,VOLFLO,1,3600,0,0,0,0,MQH,,0.0,,,0.0,
400,MS,X,X,0,X,,,,TIME,1,1000,0,0,0,0,C26,,0.0,,,0.0,
400,MS2,X,X,0,X,,,,ACCEL,1,1,0,0,0,0,MSK,X,0.0,,,0.0,
400,MSH,X,X,0,X,,,,DOSRAT,1,3600,-3,0,0,0,P71,,0.0,,,0.0,
400,MTE,X,X,0,,,,,MAGNFD,1,1000,0,0,0,0,C29,,0.0,,,0.0,
400,MTM,X,X,0,,,,,TKONZ,1000000,1,0,0,0,0,,,0.0,,,0.0,
400,MTS,X,X,0,X,,,,SPEED,1,3600,0,0,0,0,M60,,0.0,,,0.0,
400,MTf,X,X,0,,,,,TKONZ,1000000,1,0,0,0,0,,,0.0,,,0.0,
400,MV,X,X,0,,,,,VOLTAG,1,1000,0,0,0,0,2Z,,0.0,,,0.0,
400,MVA,X,X,0,X,,,,POWER,1,1,6,0,0,0,MVA,,0.0,,,0.0,
400,MW,X,X,0,,,,,POWER,1,1000,0,0,0,0,C31,,0.0,,,0.0,
400,MWH,X,X,0,X,,,,ENERGY,3600,1,6,0,0,0,MWH,,0.0,,,0.0,
400,N,X,X,0,,,,,FORCE,1,1,0,0,0,0,NEW,X,0.0,,,0.0,
400,NAM,X,X,3,X,,,,LENGTH,1,1000000,-3,0,0,0,C45,,0.0,,,0.0,
400,NCH,X,X,0,X,,,,PERMEA,1,360000000,0,0,0,0,,,0.0,,,0.0,
400,NGT,X,X,0,,,,,MPROPO,1,1000,-9,0,0,0,,,0.0,,,0.0,
400,NM,X,X,0,X,,,,SURFTE,1,1,0,0,0,0,4P,,0.0,,,0.0,
400,NS,X,X,0,X,,,,TIME,1,1000000,-3,0,0,0,C47,,0.0,,,0.0,
400,OCM,X,X,0,X,,,,SPREST,1,100,0,0,0,0,C60,,0.0,,,0.0,
400,OHM,X,X,0,,,,,RESIST,1,1,0,0,0,0,OHM,X,0.0,,,0.0,
400,OM,X,X,0,X,,,,SPREST,1,1,0,0,0,0,C61,,0.0,,,0.0,
400,OZ,X,X,0,X,,,,MASS,56699,2000000,0,0,0,0,ONZ,,0.0,,,0.0,
400,OZA,X,X,0,X,,,,VOLUME,29573530,1,-12,0,0,0,OZA,X,0.0,,,0.0,
400,P,X,X,0,X,,,,POINTS,1,1,0,0,0,0,,,0.0,,,0.0,
400,PA,X,X,0,,,,,PRESS,1,1,0,0,0,0,PAL,X,0.0,,,0.0,
400,PAA,X,X,0,X,,,,AAAADL,1,1,0,0,0,0,PR,,0.0,,,0.0,
400,PAK,X,X,0,X,,,,AAAADL,1,1,0,0,0,0,PK,X,0.0,,,0.0,
400,PAL,X,X,0,X,,,,AAAADL,1,1,0,0,0,0,PF,X,0.0,,,0.0,
400,PAS,X,X,0,X,,,,VISDYN,1,1,0,0,0,0,C65,,0.0,,,0.0,
400,PCT,X,X,8,X,,,,AAAADL,1,1,0,0,0,8,,,0.0,,,0.0,
400,PDA,X,X,0,X,,,,TIME,28800,1,0,0,0,0,,,0.0,,,0.0,
400,PMI,X,X,0,X,,,,FREQU,1,60,0,0,0,0,C94,,0.0,,,0.0,
400,PMR,X,X,0,X,,,,PERMEA,1,1,0,0,0,3,,,0.0,,,0.0,
400,PPB,X,X,0,X,,,,PROPOR,1,1,-9,0,0,0,61,,0.0,,,0.0,
400,PPM,X,X,0,X,,,,PROPOR,1,1,-6,0,0,0,59,,0.0,,,0.0,
400,PPT,X,X,0,X,,,,PROPOR,1,1,-12,0,0,0,,,0.0,,,0.0,
400,PRM,X,X,0,X,,,,PERMEA,1,6000000,0,0,0,3,,,0.0,,,0.0,
400,PRS,X,X,0,X,,,,AAAADL,1,1,0,0,0,0,IE,,0.0,,,0.0,
400,PSI,X,X,0,,,,,PRESS,6894757,1,-3,0,0,0,,,0.0,,,0.0,
400,PT,X,X,0,X,,,,VOLUME,473176,1,-9,0,0,0,PT,,0.0,,,0.0,
400,QMM,X,X,0,X,,,,V_P_H,1,1,0,0,0,5,,,0.0,,,0.0,
400,QT,X,X,0,X,,,,VOLUME,946352950,1,-12,0,0,0,QT,,0.0,,,0.0,
400,RHO,X,X,0,X,,,,DENSI,1000,1,0,0,0,0,23,,0.0,,,0.0,
400,RKG,X,X,0,X,,,,RECMAS,1,1,0,0,0,0,,,0.0,,,0.0,
400,RMG,X,X,0,X,,,,RECMAS,1000000,1,0,0,0,0,,,0.0,,,0.0,
400,ROL,X,X,0,X,,,,AAAADL,1,1,0,0,0,0,RO,X,0.0,,,0.0,
400,S,X,X,0,,,,,TIME,1,1,0,0,0,0,SEC,X,0.0,,,0.0,
400,ST,X,X,0,X,,,,AAAADL,1,1,0,0,0,0,PCE,X,0.0,,,0.0,
400,STD,X,X,3,X,,,,TIME,3600,1,0,0,0,1,HUR,X,0.0,,,0.0,
400,SVH,X,X,0,X,,,,DOSRAT,1,3600,0,0,0,0,P70,,0.0,,,0.0,
400,SVS,X,X,0,X,,,,DOSRAT,1,1,0,0,0,0,P65,,0.0,,,0.0,
400,TAG,X,X,0,X,,,,TIME,86400,1,0,0,0,0,DAY,X,0.0,,,0.0,
400,TBQ,X,X,0,X,,,,ACTVTY,1,1,12,0,0,0,,,0.0,,,0.0,
400,TC3,X,X,0,,,,,TKONZ,1000000,1,0,0,0,0,,,0.0,,,0.0,
400,TCM,X,X,0,,,,,TKONZ,1000000,1,0,0,0,0,,,0.0,,,0.0,
400,TES,X,X,0,,,,,MAGNFD,1,1,0,0,0,0,D33,,0.0,,,0.0,
400,TEU,X,X,0,X,,,,AAAADL,1,1,0,0,0,0,E22,X,0.0,,,0.0,
400,TH,X,X,0,X,,,,AAAADL,1,1,0,0,0,0,MIL,X,0.0,,,0.0,
400,THA,X,X,0,,,,,MASSBD,1,10,0,0,0,0,,,0.0,,,0.0,
400,TJH,X,X,0,,,,,MASFLO,1,31536,0,0,0,0,,,0.0,,,0.0,
400,TKL,X,X,0,X,,,,DENSI,1000,1,0,0,0,0,,,0.0,,,0.0,
400,TKT,X,X,0,,,,,MPROPO,1,1000000,3,0,0,0,,,0.0,,,0.0,
400,TM3,X,X,0,,,,,TKONZ,1,1,0,0,0,0,,,0.0,,,0.0,
400,TO,X,X,3,X,,,,MASS,1000,1,0,0,0,0,TNE,X,0.0,,,0.0,
400,TON,X,X,3,X,,,,MASS,113398,125,0,0,0,0,STN,,0.0,,,0.0,
400,Tmt,X,X,0,,,,,MASFLO,1,2592,0,0,0,0,,,0.0,,,0.0,
400,ToS,X,X,0,,,,,MASFLO,1000,3600,0,0,0,0,,,0.0,,,0.0,
400,Tot,X,X,0,,,,,MPROPO,5,4536,0,0,0,0,,,0.0,,,0.0,
400,UG,X,X,3,X,,,,MASS,1,1000000000,0,0,0,0,MC,,0.0,,,0.0,
400,UG6,X,X,3,X,,,,VOLUME,3725953,984292651,0,0,0,3,,,60.0,FAH,,0.0,
400,UGL,X,X,0,X,,,,DENSI,1,1,-6,0,0,0,,,0.0,,,0.0,
400,USH,X,X,0,X,,,,DOSRAT,1,3600,-6,0,0,0,P72,,0.0,,,0.0,
400,V,X,X,0,,,,,VOLTAG,1,1,0,0,0,0,VLT,X,0.0,,,0.0,
400,V%,X,X,0,,,,,VPROPO,1,100,0,0,0,0,,,0.0,,,0.0,
400,V%O,X,X,0,,,,,VPROPO,1,1000,0,0,0,0,,,0.0,,,0.0,
400,V01,X,X,0,X,,,,CONDUC,1,1,-4,0,0,3,G42,,0.0,,,0.0,
400,V02,X,X,0,X,,,,ACBAC,1,1,0,0,0,3,M33,,0.0,,,0.0,
400,VAL,X,X,0,X,X,,,AAAADL,1,1,0,0,0,0,,,0.0,,,0.0,
400,VPB,X,X,0,,,,,VPROPO,1,1,-9,0,0,0,,,0.0,,,0.0,
400,VPM,X,X,0,,,,,VPROPO,1,1,-6,0,0,0,,,0.0,,,0.0,
400,VPT,X,X,0,,,,,VPROPO,1,1,-12,0,0,0,,,0.0,,,0.0,
400,W,X,X,0,,,,,POWER,1,1,0,0,0,0,WTT,X,0.0,,,0.0,
400,WCH,X,X,0,X,,,,TIME,604800,1,0,0,0,0,WEE,X,0.0,,,0.0,
400,WMK,X,X,0,X,,,,THCOND,1,1,0,0,0,0,D53,,0.0,,,0.0,
400,WMP,X,X,0,X,,,,RADEFF,1,1,0,0,0,0,,,0.0,,,0.0,
400,WTL,X,X,0,X,,,,EVARA,1,1,0,0,0,0,,,0.0,,,0.0,
400,YD,X,X,0,X,,,,LENGTH,1143,1250,0,0,0,0,YRD,,0.0,,,0.0,
400,YD2,X,X,0,X,,,,SURFAC,250,299,0,0,0,0,YDK,,0.0,,,0.0,
400,YD3,X,X,0,X,,,,VOLUME,764554858,1,-9,0,0,0,YDQ,,0.0,,,0.0,
400,bJH,X,X,0,,,,,POWER,1055056,31536000,-3,0,0,0,,,0.0,,,0.0,
400,bMO,X,X,0,,,,,POWER,1055056,2592000,-3,0,0,0,,,0.0,,,0.0,
400,bbl,X,X,0,,,,,PRESS,884813557,1,-5,0,0,0,,,0.0,,,0.0,
400,bft,X,X,0,,,,,PRESS,372589453,1,-4,0,0,0,B0,,0.0,,,0.0,
400,bgl,X,X,0,,,,,PRESS,278716254,1,-3,0,0,0,,,0.0,,,0.0,
400,bsc,X,X,0,,,,,PRESS,372589453,1,-4,0,0,0,,,0.0,,,0.0,
400,btl,X,X,0,,,,,SPENER,2326,1,0,0,0,0,,,0.0,,,0.0,
400,fcm,X,X,0,,,,,TKONZ,1000000,1,0,0,0,0,,,0.0,,,0.0,
400,fm3,X,X,0,,,,,TKONZ,1,1,0,0,0,0,,,0.0,,,0.0,
400,fml,X,X,0,,,,,TKONZ,1000000,1,0,0,0,0,,,0.0,,,0.0,
400,gGJ,X,X,0,,,,,MAPER,1,1,-12,0,0,0,,,0.0,,,0.0,
400,gj3,X,X,0,,,,,PRESS,1,1,6,0,0,0,,,0.0,,,0.0,
400,gjm,X,X,0,,,,,PRESS,1,1,9,0,0,0,,,0.0,,,0.0,
400,gjt,X,X,0,,,,,SPENER,110231131,1,-2,0,0,0,,,0.0,,,0.0,
400,jm3,X,X,0,,,,,PRESS,1,1,0,0,0,0,,,0.0,,,0.0,
400,kgb,X,X,0,X,,,,DENSI,838641437,1,-8,0,0,0,,,0.0,,,0.0,
400,kgg,X,X,0,,,,,DENSI,1,3785344,9,0,0,0,,,0.0,,,0.0,
400,kgj,X,X,0,,,,,MAPER,1,1,0,0,0,0,,,0.0,,,0.0,
400,kgm,X,X,0,,,,,MAPER,947817120,1,-18,0,0,0,,,0.0,,,0.0,
400,kgs,X,X,0,,,,,DENSI,372397870,1,-7,0,0,0,,,0.0,,,0.0,
400,kgt,X,X,0,,,,,MPROPO,110231131,1,-11,0,0,0,,,0.0,,,0.0,
400,kml,X,X,0,,,,,MOLMAS,1,1,-3,0,0,0,,,0.0,,,0.0,
400,kwk,X,X,0,,,,,SPENER,3600,1,3,0,0,0,,,0.0,,,0.0,
400,lbb,X,X,0,,,,,MAPER,429922614,1,-12,0,0,0,,,0.0,,,0.0,
400,lbg,X,X,0,,,,,DENSI,119826420,1,-6,0,0,0,GE,,0.0,,,0.0,
400,lbl,X,X,0,,,,,MOLMAS,1,1,-3,0,0,0,,,0.0,,,0.0,
400,lbm,X,X,0,,,,,MAPER,429922614,1,-18,0,0,0,,,0.0,,,0.0,
400,lbs,X,X,0,,,,,DENSI,168916832,1,-7,0,0,0,,,0.0,,,0.0,
400,lbt,X,X,0,,,,,MPROPO,5,1,-4,0,0,0,,,0.0,,,0.0,
400,lcm,X,X,0,,,,,VPROPO,1000,1,0,0,0,0,,,0.0,,,0.0,
400,lhh,X,X,0,X,,,,MAPER,453592,2684520,-6,0,0,0,,,0.0,,,0.0,
400,lht,X,X,0,X,,,,MAPER,453592,2684520,-11,0,0,0,,,0.0,,,0.0,
400,lmf,X,X,0,,,,,DENSI,160185259,1,-13,0,0,0,,,0.0,,,0.0,
400,lmg,X,X,0,,,,,DENSI,119828573,1,-12,0,0,0,,,0.0,,,0.0,
400,ltb,X,X,0,,,,,DENSI,285306126,1,-11,0,0,0,,,0.0,,,0.0,
400,ltf,X,X,0,,,,,DENSI,160185259,1,-10,0,0,0,,,0.0,,,0.0,
400,ltg,X,X,0,,,,,DENSI,119828573,1,-9,0,0,0,,,0.0,,,0.0,
400,lth,X,X,0,X,,,,MAPER,453592,2684520,-9,0,0,0,,,0.0,,,0.0,
400,mGJ,X,X,0,,,,,MAPER,1,1,-15,0,0,0,,,0.0,,,0.0,
400,mHg,X,X,0,,,,,PRESS,133322387,1,-6,0,0,0,,,0.0,,,0.0,
400,mbb,X,X,0,,,,,PRESS,884813557,1,0,0,0,0,,,0.0,,,0.0,
400,mbg,X,X,0,,,,,PRESS,278716254,1,3,0,0,0,,,0.0,,,0.0,
400,mbk,X,X,0,,,,,SPENER,1055056000,1,0,0,0,0,,,0.0,,,0.0,
400,mbl,X,X,0,,,,,SPENER,2326,1,6,0,0,0,,,0.0,,,0.0,
400,mbm,X,X,0,,,,,PRESS,372589453,1,-4,0,0,0,,,0.0,,,0.0,
400,mbs,X,X,0,,,,,PRESS,372589453,1,2,0,0,0,,,0.0,,,0.0,
400,mbt,X,X,0,,,,,SPENER,1163,1,3,0,0,0,,,0.0,,,0.0,
400,mjm,X,X,0,,,,,PRESS,1,1,6,0,0,0,,,0.0,,,0.0,
400,mkG,X,X,0,,,,,MAPER,1,1,-18,0,0,0,,,0.0,,,0.0,
400,mmB,X,X,0,,,,,ENERGY,1055056000,1,0,0,0,0,,,0.0,,,0.0,
400,nGJ,X,X,0,,,,,MAPER,1,1,-21,0,0,0,,,0.0,,,0.0,
400,nQ,X,X,0,,,,,DENSI,1,1,-12,0,0,0,,,0.0,,,0.0,
400,pQ,X,X,0,,,,,DENSI,1,1,-15,0,0,0,,,0.0,,,0.0,
400,sM3,X,X,0,,,,,TKONZ,1,1,0,0,0,0,,,0.0,,,0.0,
400,sMb,X,X,0,,,,,VPROPO,1,1,0,0,0,0,,,0.0,,,0.0,
400,scf,X,X,0,,,,,VOLUME,1,1,0,0,0,0,,,0.0,,,0.0,
400,sch,X,X,0,,,,,VOLFLO,1,1,0,0,0,0,,,0.0,,,0.0,
400,scy,X,X,0,,,,,VOLFLO,1,1,0,0,0,0,,,0.0,,,0.0,
400,tJH,X,X,0,,,,,MASFLO,113398,3942,-6,0,0,0,,,0.0,,,0.0,
400,tMb,X,X,0,,,,,DENSI,838641437,1,-11,0,0,0,,,0.0,,,0.0,
400,tMs,X,X,0,,,,,DENSI,372397870,1,-10,0,0,0,,,0.0,,,0.0,
400,tbl,X,X,0,,,,,DENSI,838641437,1,-5,0,0,0,,,0.0,,,0.0,
400,tbt,X,X,0,,,,,MAPER,947817120,1,-9,0,0,0,,,0.0,,,0.0,
400,tgl,X,X,0,,,,,DENSI,239652841,1,-3,0,0,0,,,0.0,,,0.0,
400,thm,X,X,0,,,,,ENERGY,105506000,1,0,0,0,0,,,0.0,,,0.0,
400,tjl,X,X,0,,,,,MAPER,1,1,3,0,0,0,,,0.0,,,0.0,
400,tm3,X,X,0,,,,,DENSI,1,1,0,0,0,0,,,0.0,,,0.0,
400,tmt,X,X,0,,,,,MASFLO,113398,324,-6,0,0,0,,,0.0,,,0.0,
400,toS,X,X,0,,,,,MASFLO,113398,450000,0,0,0,0,,,0.0,,,0.0,
400,tot,X,X,0,,,,,MPROPO,1,1,0,0,0,0,,,0.0,,,0.0,
400,tt,X,X,0,,,,,MPROPO,1,1,0,0,0,0,,,0.0,,,0.0,
400,ttj,X,X,0,,,,,MAPER,1,1,-9,0,0,0,,,0.0,,,0.0,
400,GGL,X,X,0,X,,,,DENSI,264172,1,-6,0,0,0,,,0.0,,,0.0,
400,GKH,X,X,0,X,,,,MAPER,277778,1,-16,0,0,0,,,0.0,,,0.0,
400,GMB,X,X,0,X,,,,MAPER,947817,1,-12,0,0,0,,,0.0,,,0.0,
400,GUT,X,X,0,X,,,,MPROPO,110231,1,-11,0,0,0,,,0.0,,,0.0,
400,gml,X,X,0,X,,,,LINDEN,62137,1,-11,0,0,0,,,0.0,,,0.0,
400,grh,X,X,0,X,,,,MASFLO,1000,3600,-8,0,0,0,,,0.0,,,0.0,
400,kgl,X,X,0,X,,,,LINDEN,62137,1,-8,0,0,0,,,0.0,,,0.0,
400,kmt,X,X,0,X,,,,LINDEN,1,1,0,0,0,0,KL,,0.0,,,0.0,
400,11,X,X,0,,,,,TIME,604800,1,0,0,0,0,,,0.0,,,0.0,
400,12,X,X,0,,,,,TIME,2592000,1,0,0,0,0,,,0.0,,,0.0,
400,13,X,X,4,,,,,TIME,31536000,1,0,0,0,5,,,0.0,,,0.0,
400,14,X,X,0,,,,,TIME,604800,1,0,0,0,0,,,0.0,,,0.0,
400,BB6,X,X,3,X,,,,VOLUME,41225904,259303135,0,0,0,3,,,60.0,FAH,,0.0,
400,15,X,X,0,,,,,TIME,315360000,1,0,0,0,0,,,0.0,,,0.0,
400,PS,X,X,0,X,,,,TIME,1,1,-12,0,0,0,H70,,0.0,,,0.0,
400,2P,X,X,0,X,,,,DIGINF,1000,1,0,0,0,0,2P,X,0.0,,,0.0,
400,4L,X,X,0,X,,,,DIGINF,1,1,6,0,0,0,4L,X,0.0,,,0.0,
400,AD,X,X,0,X,,,,DIGINF,1,1,0,0,0,0,AD,X,0.0,,,0.0,
400,E34,X,X,0,X,,,,DIGINF,1,1,9,0,0,0,E34,X,0.0,,,0.0,
400,E35,X,X,0,X,,,,DIGINF,1,1,12,0,0,0,E35,X,0.0,,,0.0,
400,E36,X,X,0,X,,,,DIGINF,1,1,15,0,0,0,E36,X,0.0,,,0.0,
400,E59,X,X,0,X,,,,DIGINF,124917013,1083482375,19,0,0,0,E59,X,0.0,,,0.0,
400,E60,X,X,0,X,,,,DIGINF,124917013,1109485952,16,0,0,0,E60,X,0.0,,,0.0,
400,E61,X,X,0,X,,,,DIGINF,134217728,1220703125,13,0,0,0,E61,X,0.0,,,0.0,
400,E62,X,X,0,X,,,,DIGINF,1073741824,1,0,0,0,0,E62,X,0.0,,,0.0,
400,E63,X,X,0,X,,,,DIGINF,1048576,1,0,0,0,0,E63,X,0.0,,,0.0,
400,E64,X,X,0,X,,,,DIGINF,1024,1,0,0,0,0,E64,X,0.0,,,0.0,
400,K3,X,X,99,X,,,,ENERGY,3600,1,3,0,0,0,K3,X,0.0,,,0.0,
400,NMO,X,X,0,X,,,,ACBAC,1,1,-6,0,0,0,,,0.0,,,0.0,
400,UM1,X,X,0,X,,,,ACBAC,1,1,-3,0,0,0,,,0.0,,,0.0,
400,%,X,X,3,X,,,,PROPOR,1,100,0,0,0,0,P1,,0.0,,,0.0,
400,EPL,X,X,3,X,,,,AAAADL,1,1,0,0,0,0,OH,X,0.0,,,0.0,
400,LDM,X,X,3,X,,,,AAAADL,1,1,0,0,0,0,,,0.0,,,0.0,
400,HP,X,X,0,X,,,,POWER,1,1,0,0,0,0,HP,,0.0,,,0.0,
